-- phpMyAdmin SQL Dump
-- version 5.0.2
-- https://www.phpmyadmin.net/
--
-- Host: 127.0.0.1
-- Waktu pembuatan: 11 Des 2020 pada 16.31
-- Versi server: 10.4.11-MariaDB
-- Versi PHP: 7.4.5

SET SQL_MODE = "NO_AUTO_VALUE_ON_ZERO";
START TRANSACTION;
SET time_zone = "+00:00";


/*!40101 SET @OLD_CHARACTER_SET_CLIENT=@@CHARACTER_SET_CLIENT */;
/*!40101 SET @OLD_CHARACTER_SET_RESULTS=@@CHARACTER_SET_RESULTS */;
/*!40101 SET @OLD_COLLATION_CONNECTION=@@COLLATION_CONNECTION */;
/*!40101 SET NAMES utf8mb4 */;

--
-- Database: `sistem_pemilihan`
--

-- --------------------------------------------------------

--
-- Struktur dari tabel `calons`
--

CREATE TABLE `calons` (
  `id` bigint(20) UNSIGNED NOT NULL,
  `user_id` bigint(20) UNSIGNED NOT NULL,
  `name` varchar(255) COLLATE utf8mb4_unicode_ci NOT NULL,
  `foto` varchar(255) COLLATE utf8mb4_unicode_ci DEFAULT NULL,
  `alamat` text COLLATE utf8mb4_unicode_ci DEFAULT NULL,
  `kontak` varchar(255) COLLATE utf8mb4_unicode_ci DEFAULT NULL,
  `visi_misi` text COLLATE utf8mb4_unicode_ci DEFAULT NULL,
  `nomor_urut` varchar(255) COLLATE utf8mb4_unicode_ci DEFAULT NULL,
  `created_at` timestamp NULL DEFAULT NULL,
  `updated_at` timestamp NULL DEFAULT NULL
) ENGINE=InnoDB DEFAULT CHARSET=utf8mb4 COLLATE=utf8mb4_unicode_ci;

--
-- Dumping data untuk tabel `calons`
--

INSERT INTO `calons` (`id`, `user_id`, `name`, `foto`, `alamat`, `kontak`, `visi_misi`, `nomor_urut`, `created_at`, `updated_at`) VALUES
(6, 1, 'Ambarita, Samuel Pdt', NULL, NULL, 'Lampung', NULL, '1', '2020-12-09 23:30:49', '2020-12-09 23:30:49'),
(7, 1, 'Aritonang, Edward Pdt', NULL, NULL, 'Riau', NULL, '2', '2020-12-09 23:31:20', '2020-12-09 23:31:20'),
(8, 1, 'Banuarea, Henri Pdt', NULL, NULL, 'Riau Pesisir', NULL, '3', '2020-12-09 23:32:09', '2020-12-09 23:32:09'),
(9, 1, 'Doloksaribu, Morhan Pdt', NULL, NULL, 'Silindung', NULL, '4', '2020-12-09 23:33:01', '2020-12-09 23:33:01'),
(10, 1, 'Doloksaribu, Nurmawaty Pdt', NULL, NULL, 'Toba', NULL, '5', '2020-12-09 23:34:51', '2020-12-09 23:34:51'),
(11, 1, 'Gultom, Rein Justin Pdt', NULL, NULL, 'Samosir', NULL, '6', '2020-12-09 23:35:29', '2020-12-09 23:35:29'),
(12, 1, 'Harahap, Chrisvandoli Pdt', NULL, NULL, 'DKI Jakarta', NULL, '7', '2020-12-09 23:36:36', '2020-12-09 23:36:36'),
(13, 1, 'Harahap, Daniel Taruliasi Pdt', NULL, NULL, 'Borneo', NULL, '8', '2020-12-09 23:37:18', '2020-12-09 23:37:18'),
(14, 1, 'Hutabarat, Ebsan Pdt', NULL, NULL, 'Toba', NULL, '9', '2020-12-09 23:41:18', '2020-12-09 23:41:18'),
(15, 1, 'Hutahaean, Conrad Pdt', NULL, NULL, 'Lampung', NULL, '10', '2020-12-09 23:43:07', '2020-12-09 23:43:07'),
(16, 1, 'Hutahaean, Hotler Pdt', NULL, NULL, 'Kepulauan Riau', NULL, '11', '2020-12-09 23:44:02', '2020-12-09 23:44:02'),
(17, 1, 'Hutahaean, Rikson Pdt', NULL, NULL, 'Tapteng - Nias', NULL, '12', '2020-12-09 23:45:24', '2020-12-09 23:45:24'),
(18, 1, 'Hutapea, Hantus Pdt', NULL, NULL, 'Jambi', NULL, '13', '2020-12-09 23:46:19', '2020-12-09 23:46:19'),
(19, 1, 'Hutasoit, Nursani Pdt', NULL, NULL, 'Indonesia Bagian Timur', NULL, '14', '2020-12-09 23:47:37', '2020-12-09 23:47:37'),
(20, 1, 'Hutasoit, Richard Pdt', NULL, NULL, 'Humbang Habinsaran', NULL, '15', '2020-12-09 23:49:40', '2020-12-09 23:49:40'),
(21, 1, 'Hutauruk, Juniaster Pdt', NULL, NULL, 'Binjai', NULL, '16', '2020-12-09 23:51:12', '2020-12-09 23:51:12'),
(22, 1, 'Hutauruk, Las ni Rohana Pdt', NULL, NULL, 'Toba', NULL, '17', '2020-12-09 23:52:12', '2020-12-09 23:52:12'),
(23, 1, 'Limbong, Anggiat Pdt', NULL, NULL, 'Jabartengdiy', NULL, '18', '2020-12-09 23:53:36', '2020-12-09 23:53:36'),
(24, 1, 'Lumbangaol, Robinsarhot Pdt', NULL, NULL, 'Humbang Hasundutan', NULL, '19', '2020-12-09 23:55:01', '2020-12-09 23:55:01'),
(25, 1, 'Lumbansiantar, Daminna Pdt', NULL, NULL, 'Deli Serdang', NULL, '20', '2020-12-09 23:56:27', '2020-12-09 23:56:27'),
(26, 1, 'Lumbantobing, Darna Pdt', NULL, NULL, 'Silindung', NULL, '21', '2020-12-09 23:57:37', '2020-12-09 23:57:37'),
(27, 1, 'Lumbantobing, Hardi Bontor Pdt', NULL, NULL, 'DKI Jakarta', NULL, '22', '2020-12-09 23:59:01', '2020-12-09 23:59:01'),
(28, 1, 'Lumbantobing, Sarlen Pdt', NULL, NULL, 'Toba Hasundutan', NULL, '23', '2020-12-09 23:59:59', '2020-12-09 23:59:59'),
(29, 1, 'Manalu, Hasudungan Pdt', NULL, NULL, 'Tanah Jawa', NULL, '24', '2020-12-10 00:01:32', '2020-12-10 00:01:32'),
(30, 1, 'Manik, Bernard Pdt', NULL, NULL, 'Asahan Labuhan Batu', NULL, '25', '2020-12-10 00:02:52', '2020-12-10 00:02:52'),
(31, 1, 'Manullang, Martin Pdt', NULL, NULL, 'Medan - Aceh', NULL, '26', '2020-12-10 00:04:08', '2020-12-10 00:04:08'),
(32, 1, 'Manullang, Sampur Pdt', NULL, NULL, 'Jabartengdiy', NULL, '27', '2020-12-10 00:05:51', '2020-12-10 00:05:51'),
(33, 1, 'Manullang, Sihar Dobes Pdt', NULL, NULL, 'Sumatera Timur', NULL, '28', '2020-12-10 00:08:51', '2020-12-10 00:08:51'),
(34, 1, 'Manurung, Mangatur Jeremia Pdt', NULL, NULL, 'Borneo', NULL, '29', '2020-12-10 00:10:00', '2020-12-10 00:10:00'),
(35, 1, 'Manurung, Melkior Pdt', NULL, NULL, 'Tebing Tinggi', NULL, '30', '2020-12-10 00:11:34', '2020-12-10 00:11:34'),
(36, 1, 'Manurung, Sopar Pdt', NULL, NULL, 'Sumatera Bagian Selatan', NULL, '31', '2020-12-10 00:13:30', '2020-12-10 00:13:30'),
(37, 1, 'Marpaung, Halomoan Pdt', NULL, NULL, 'Jabartengdiy', NULL, '32', '2020-12-10 00:14:48', '2020-12-10 00:14:48'),
(38, 1, 'Marpaung, Sihar Pdt', NULL, NULL, 'Sumatera Bagian Selatan', NULL, '33', '2020-12-10 00:22:37', '2020-12-10 00:22:37'),
(39, 1, 'Nababan, Anwar Pdt', NULL, NULL, 'Deboskab', NULL, '34', '2020-12-10 00:23:49', '2020-12-10 00:23:49'),
(40, 1, 'Nababan, Kaccon Pdt', NULL, NULL, 'Humbang Habinsaran', NULL, '35', '2020-12-10 00:24:43', '2020-12-10 00:24:43'),
(41, 1, 'Naibaho, Sarman Pdt', NULL, NULL, 'Silindung', NULL, '36', '2020-12-10 00:27:25', '2020-12-10 00:27:25'),
(42, 1, 'Nainggolan, Oloan Pdt', NULL, NULL, 'Bekasi', NULL, '37', '2020-12-10 00:28:28', '2020-12-10 00:28:28'),
(43, 1, 'Nainggolan, T. Golkaria Pdt', NULL, NULL, 'Medan - Aceh', NULL, '38', '2020-12-10 00:29:45', '2020-12-10 00:29:45'),
(44, 1, 'Napitupulu, Henri Pdt', NULL, NULL, 'Medan - Aceh', NULL, '39', '2020-12-10 00:30:58', '2020-12-10 00:30:58'),
(45, 1, 'Napitupulu, Japati Pdt', NULL, NULL, 'DKI Jakarta', NULL, '40', '2020-12-10 00:31:53', '2020-12-10 00:31:53'),
(46, 1, 'Pandiangan, Mangidotua Pdt', NULL, NULL, 'Samosir', NULL, '41', '2020-12-10 00:34:02', '2020-12-10 00:34:02'),
(47, 1, 'Panjaitan, Gunawan Pdt', NULL, NULL, 'Banten', NULL, '42', '2020-12-10 00:35:08', '2020-12-10 00:35:08'),
(48, 1, 'Panjaitan, Hitler Pdt', NULL, NULL, 'Samosir', NULL, '43', '2020-12-10 00:36:26', '2020-12-10 00:36:26'),
(49, 1, 'Pasaribu, Julson Pdt', NULL, NULL, 'Tanah Alas', NULL, '44', '2020-12-10 00:38:05', '2020-12-10 00:38:05'),
(50, 1, 'Purba, Horas Y. Morgan Pdt', NULL, NULL, 'Tapanuli Selatan', NULL, '45', '2020-12-10 00:50:48', '2020-12-10 00:50:48'),
(51, 1, 'Purba, Kefas Pdt', NULL, NULL, 'Riau', NULL, '46', '2020-12-10 00:51:31', '2020-12-10 00:51:31'),
(52, 1, 'Purba, Ramot Pdt', NULL, NULL, 'Medan Utara', NULL, '47', '2020-12-10 00:53:54', '2020-12-10 00:53:54'),
(53, 1, 'Purba, Togar Parlin Pdt', NULL, NULL, 'Humbang', NULL, '48', '2020-12-10 00:55:49', '2020-12-10 00:55:49'),
(54, 1, 'Rumapea, Tumpal Willy Pdt', NULL, NULL, 'Sumatera Timur', NULL, '49', '2020-12-10 00:57:37', '2020-12-10 00:57:37'),
(55, 1, 'Samosir, Porman Pdt', NULL, NULL, 'Toba', NULL, '50', '2020-12-10 00:58:19', '2020-12-10 00:58:19'),
(56, 1, 'Siagian, Bintan Parulian Pdt', NULL, NULL, 'Tanah Alas', NULL, '51', '2020-12-10 01:08:05', '2020-12-10 01:08:05'),
(57, 1, 'Siahaan, Eden Pdt', NULL, NULL, 'Asahan Labuhan Batu', NULL, '52', '2020-12-10 01:09:28', '2020-12-10 01:09:28'),
(58, 1, 'Siahaan, Romulus Pdt', NULL, NULL, 'Banten', NULL, '53', '2020-12-10 01:10:33', '2020-12-10 01:10:33'),
(59, 1, 'Siahaan, Same Pdt', NULL, NULL, 'Deli Serdang', NULL, '54', '2020-12-10 01:12:01', '2020-12-10 01:12:01'),
(60, 1, 'Sianturi, Burhan Pdt', NULL, NULL, 'Asahan Labuhan Batu', NULL, '55', '2020-12-10 01:13:42', '2020-12-10 01:13:42'),
(61, 1, 'Siburian, Buha Kamson Pdt', NULL, NULL, 'Sumatera Timur', NULL, '56', '2020-12-10 01:15:43', '2020-12-10 01:15:43'),
(62, 1, 'Silalahi, Batara Pdt', NULL, NULL, 'Sumatera Timur', NULL, '57', '2020-12-10 01:16:40', '2020-12-10 01:16:40'),
(63, 1, 'Silalahi, Victor Singal Pdt', NULL, NULL, 'Kepulauan Riau', NULL, '58', '2020-12-10 01:20:44', '2020-12-10 01:20:44'),
(64, 1, 'Sihombing, Athur Pdt', NULL, NULL, 'Labuhan Batu', NULL, '59', '2020-12-10 01:21:43', '2020-12-10 01:21:43'),
(65, 1, 'Sihombing, Sikpan Pdt', NULL, NULL, 'Tanah jawa', NULL, '60', '2020-12-10 01:23:02', '2020-12-10 01:23:02'),
(66, 1, 'Sihotang, Hercules Pdt', NULL, NULL, 'Tapteng - Nias', NULL, '61', '2020-12-10 01:24:03', '2020-12-10 01:24:03'),
(67, 1, 'Silaen, Tombak Pdt', NULL, NULL, 'Riau Pesisir', NULL, '62', '2020-12-10 01:25:09', '2020-12-10 01:25:09'),
(68, 1, 'Silitonga, Hasudungan Pdt', NULL, NULL, 'Riau', NULL, '63', '2020-12-10 01:37:47', '2020-12-10 01:37:47'),
(69, 1, 'Silitonga, Maurixon Pdt', NULL, NULL, 'DKI Jakarta', NULL, '64', '2020-12-10 01:39:05', '2020-12-10 01:39:05'),
(70, 1, 'Simamora, Benget Pdt', NULL, NULL, 'Binjai', NULL, '65', '2020-12-10 01:40:50', '2020-12-10 01:40:50'),
(72, 1, 'Simamora, Gading Pdt', NULL, NULL, 'Humbang Habinsaran', NULL, '66', '2020-12-10 02:48:55', '2020-12-10 02:48:55'),
(73, 1, 'Simanjuntak, Bikwai Pdt', NULL, NULL, 'Deboskab', NULL, '67', '2020-12-10 02:49:50', '2020-12-10 02:49:50'),
(74, 1, 'Simanjuntak, Donda Pdt', NULL, NULL, 'Toba Habinsaran', NULL, '68', '2020-12-10 02:50:47', '2020-12-10 02:50:47'),
(75, 1, 'Simanjuntak, Marisihot Pdt', NULL, NULL, 'Binjai', NULL, '69', '2020-12-10 02:51:54', '2020-12-10 02:51:54'),
(76, 1, 'Simanjuntak, Mulia Pdt', NULL, NULL, 'Sumatera Timur', NULL, '70', '2020-12-10 02:53:59', '2020-12-10 02:53:59'),
(77, 1, 'Simanjuntak, Nekson Pdt', NULL, NULL, 'Deboskab', NULL, '71', '2020-12-10 02:55:12', '2020-12-10 02:55:12'),
(78, 1, 'Simanjuntak, Nikson Pdt', NULL, NULL, 'Bekasi', NULL, '72', '2020-12-10 02:55:52', '2020-12-10 02:55:52'),
(79, 1, 'Simanungkalit, Gokma Pdt', NULL, NULL, 'Medan - Aceh', NULL, '73', '2020-12-10 02:57:10', '2020-12-10 02:57:10'),
(80, 1, 'Simarmata, Paminta Pdt', NULL, NULL, 'Kepulauan Riau', NULL, '74', '2020-12-10 02:58:28', '2020-12-10 02:58:28'),
(81, 1, 'Sinaga, Kornel Pdt', NULL, NULL, 'Tapanuli Selatan', NULL, '75', '2020-12-10 02:59:15', '2020-12-10 02:59:15'),
(82, 1, 'Sinaga, Osna Elferide Pdt', NULL, NULL, 'Labuhan Batu', NULL, '76', '2020-12-10 03:00:08', '2020-12-10 03:00:08'),
(83, 1, 'Sinaga, Samsir Deli Pdt', NULL, NULL, 'Jambi', NULL, '77', '2020-12-10 03:08:31', '2020-12-10 03:08:31'),
(84, 1, 'Sinambela, Suwandi Pdt', NULL, NULL, 'Medan - Aceh', NULL, '78', '2020-12-10 03:11:13', '2020-12-10 03:11:13'),
(85, 1, 'Sirait, Djekson Pdt', NULL, NULL, 'Bekasi', NULL, '79', '2020-12-10 03:11:46', '2020-12-10 03:11:46'),
(86, 1, 'Siregar, Marauli Pdt', NULL, NULL, 'Tapanuli Selatan', NULL, '80', '2020-12-10 03:13:52', '2020-12-10 03:13:52'),
(87, 1, 'Siregar, Sahalanaek Pdt', NULL, NULL, 'Labuhan Batu', NULL, '81', '2020-12-10 03:14:34', '2020-12-10 03:14:34'),
(88, 1, 'Sitanggang, Henny Pdt', NULL, NULL, 'Tebing Tinggi', NULL, '82', '2020-12-10 03:15:13', '2020-12-10 03:15:13'),
(89, 1, 'Sitompul, Abednego Pdt', NULL, NULL, 'Medan Utara', NULL, '83', '2020-12-10 03:16:23', '2020-12-10 03:16:23'),
(90, 1, 'Sitompul, Samuel Pdt', NULL, NULL, 'DKI Jakarta', NULL, '84', '2020-12-10 03:17:56', '2020-12-10 03:17:56'),
(91, 1, 'Sitorus, Pahala Pdt', NULL, NULL, 'Indonesia Bagian Timur', NULL, '85', '2020-12-10 03:18:44', '2020-12-10 03:18:44'),
(92, 1, 'Sitorus, Renova Johny Pdt', NULL, NULL, 'Humbang Hasundutan', NULL, '86', '2020-12-10 03:23:23', '2020-12-10 03:23:23'),
(93, 1, 'Sitorus, Rumondang Pdt', NULL, NULL, 'Tebing Tinggi', NULL, '87', '2020-12-10 03:24:27', '2020-12-10 03:24:27'),
(94, 1, 'Situmeang, Elfred Pdt', NULL, NULL, 'Riau Pesisir', NULL, '88', '2020-12-10 03:26:01', '2020-12-10 03:26:01'),
(95, 1, 'Tambun, Jonni Pdt', NULL, NULL, 'Tapteng - Nias', NULL, '89', '2020-12-10 03:26:43', '2020-12-10 03:26:43'),
(96, 1, 'Tambunan, Mangantar Pdt', NULL, NULL, 'Riau', NULL, '90', '2020-12-10 03:27:50', '2020-12-10 03:27:50'),
(97, 1, 'Tampubolon, Daniel R. A. Pdt', NULL, NULL, 'Sumatera Bagian Selatan', NULL, '91', '2020-12-10 03:28:35', '2020-12-10 03:28:35'),
(98, 1, 'Bancin, Helbin Pdt', NULL, NULL, 'Dairi', NULL, '92', '2020-12-10 03:29:37', '2020-12-10 03:29:37'),
(99, 1, 'Sianturi, Parsaoran Pdt', NULL, NULL, 'Dairi', NULL, '93', '2020-12-10 03:30:18', '2020-12-10 03:30:18'),
(100, 1, 'Siburian, Nikson Pdt', NULL, NULL, 'Dairi', NULL, '94', '2020-12-10 03:31:04', '2020-12-10 03:31:04'),
(101, 1, 'Sitorus, Winner Pdt', NULL, NULL, 'Dairi', NULL, '95', '2020-12-10 03:31:35', '2020-12-10 03:31:35');

-- --------------------------------------------------------

--
-- Struktur dari tabel `dones`
--

CREATE TABLE `dones` (
  `id` bigint(20) UNSIGNED NOT NULL,
  `calon_id` bigint(20) UNSIGNED NOT NULL,
  `jumlah_pemilih` bigint(20) NOT NULL,
  `created_at` timestamp NULL DEFAULT NULL,
  `updated_at` timestamp NULL DEFAULT NULL
) ENGINE=InnoDB DEFAULT CHARSET=utf8mb4 COLLATE=utf8mb4_unicode_ci;

--
-- Dumping data untuk tabel `dones`
--

INSERT INTO `dones` (`id`, `calon_id`, `jumlah_pemilih`, `created_at`, `updated_at`) VALUES
(1, 6, 0, '2020-12-10 16:41:34', '2020-12-10 16:41:34'),
(2, 7, 0, '2020-12-10 16:41:34', '2020-12-10 16:41:34'),
(3, 8, 0, '2020-12-10 16:41:34', '2020-12-10 16:41:34'),
(4, 9, 0, '2020-12-10 16:41:34', '2020-12-10 16:41:34'),
(5, 10, 0, '2020-12-10 16:41:34', '2020-12-10 16:41:34'),
(6, 11, 0, '2020-12-10 16:41:34', '2020-12-10 16:41:34'),
(7, 12, 0, '2020-12-10 16:41:34', '2020-12-10 16:41:34'),
(8, 13, 0, '2020-12-10 16:41:34', '2020-12-10 16:41:34'),
(9, 14, 0, '2020-12-10 16:41:34', '2020-12-10 16:41:34'),
(10, 15, 0, '2020-12-10 16:41:34', '2020-12-10 16:41:34'),
(11, 16, 0, '2020-12-10 16:41:34', '2020-12-10 16:41:34'),
(12, 17, 0, '2020-12-10 16:41:34', '2020-12-10 16:41:34'),
(13, 18, 0, '2020-12-10 16:41:34', '2020-12-10 16:41:34'),
(14, 19, 0, '2020-12-10 16:41:34', '2020-12-10 16:41:34'),
(15, 20, 0, '2020-12-10 16:41:34', '2020-12-10 16:41:34'),
(16, 21, 0, '2020-12-10 16:41:34', '2020-12-10 16:41:34'),
(17, 22, 0, '2020-12-10 16:41:34', '2020-12-10 16:41:34'),
(18, 23, 0, '2020-12-10 16:41:34', '2020-12-10 16:41:34'),
(19, 24, 0, '2020-12-10 16:41:34', '2020-12-10 16:41:34'),
(20, 25, 0, '2020-12-10 16:41:34', '2020-12-10 16:41:34'),
(21, 26, 0, '2020-12-10 16:41:34', '2020-12-10 16:41:34'),
(22, 27, 0, '2020-12-10 16:41:34', '2020-12-10 16:41:34'),
(23, 28, 0, '2020-12-10 16:41:34', '2020-12-10 16:41:34'),
(24, 29, 0, '2020-12-10 16:41:34', '2020-12-10 16:41:34'),
(25, 30, 0, '2020-12-10 16:41:34', '2020-12-10 16:41:34'),
(26, 31, 0, '2020-12-10 16:41:34', '2020-12-10 16:41:34'),
(27, 32, 0, '2020-12-10 16:41:34', '2020-12-10 16:41:34'),
(28, 33, 0, '2020-12-10 16:41:34', '2020-12-10 16:41:34'),
(29, 34, 0, '2020-12-10 16:41:34', '2020-12-10 16:41:34'),
(30, 35, 0, '2020-12-10 16:41:34', '2020-12-10 16:41:34'),
(31, 36, 0, '2020-12-10 16:41:34', '2020-12-10 16:41:34'),
(32, 37, 0, '2020-12-10 16:41:34', '2020-12-10 16:41:34'),
(33, 38, 0, '2020-12-10 16:41:34', '2020-12-10 16:41:34'),
(34, 39, 0, '2020-12-10 16:41:34', '2020-12-10 16:41:34'),
(35, 40, 0, '2020-12-10 16:41:34', '2020-12-10 16:41:34'),
(36, 41, 0, '2020-12-10 16:41:34', '2020-12-10 16:41:34'),
(37, 42, 0, '2020-12-10 16:41:34', '2020-12-10 16:41:34'),
(38, 43, 0, '2020-12-10 16:41:34', '2020-12-10 16:41:34'),
(39, 44, 0, '2020-12-10 16:41:34', '2020-12-10 16:41:34'),
(40, 45, 0, '2020-12-10 16:41:34', '2020-12-10 16:41:34'),
(41, 46, 0, '2020-12-10 16:41:34', '2020-12-10 16:41:34'),
(42, 47, 0, '2020-12-10 16:41:34', '2020-12-10 16:41:34'),
(43, 48, 0, '2020-12-10 16:41:34', '2020-12-10 16:41:34'),
(44, 49, 0, '2020-12-10 16:41:34', '2020-12-10 16:41:34'),
(45, 50, 0, '2020-12-10 16:41:34', '2020-12-10 16:41:34'),
(46, 51, 0, '2020-12-10 16:41:34', '2020-12-10 16:41:34'),
(47, 52, 0, '2020-12-10 16:41:34', '2020-12-10 16:41:34'),
(48, 53, 0, '2020-12-10 16:41:34', '2020-12-10 16:41:34'),
(49, 54, 0, '2020-12-10 16:41:34', '2020-12-10 16:41:34'),
(50, 55, 0, '2020-12-10 16:41:34', '2020-12-10 16:41:34'),
(51, 56, 0, '2020-12-10 16:41:34', '2020-12-10 16:41:34'),
(52, 57, 0, '2020-12-10 16:41:34', '2020-12-10 16:41:34'),
(53, 58, 0, '2020-12-10 16:41:34', '2020-12-10 16:41:34'),
(54, 59, 0, '2020-12-10 16:41:34', '2020-12-10 16:41:34'),
(55, 60, 0, '2020-12-10 16:41:34', '2020-12-10 16:41:34'),
(56, 61, 0, '2020-12-10 16:41:34', '2020-12-10 16:41:34'),
(57, 62, 0, '2020-12-10 16:41:34', '2020-12-10 16:41:34'),
(58, 63, 0, '2020-12-10 16:41:34', '2020-12-10 16:41:34'),
(59, 64, 0, '2020-12-10 16:41:34', '2020-12-10 16:41:34'),
(60, 65, 0, '2020-12-10 16:41:34', '2020-12-10 16:41:34'),
(61, 66, 0, '2020-12-10 16:41:34', '2020-12-10 16:41:34'),
(62, 67, 0, '2020-12-10 16:41:34', '2020-12-10 16:41:34'),
(63, 68, 0, '2020-12-10 16:41:34', '2020-12-10 16:41:34'),
(64, 69, 0, '2020-12-10 16:41:34', '2020-12-10 16:41:34'),
(65, 70, 0, '2020-12-10 16:41:34', '2020-12-10 16:41:34'),
(66, 72, 0, '2020-12-10 16:41:34', '2020-12-10 16:41:34'),
(67, 73, 0, '2020-12-10 16:41:34', '2020-12-10 16:41:34'),
(68, 74, 0, '2020-12-10 16:41:34', '2020-12-10 16:41:34'),
(69, 75, 0, '2020-12-10 16:41:34', '2020-12-10 16:41:34'),
(70, 76, 0, '2020-12-10 16:41:34', '2020-12-10 16:41:34'),
(71, 77, 0, '2020-12-10 16:41:34', '2020-12-10 16:41:34'),
(72, 78, 0, '2020-12-10 16:41:34', '2020-12-10 16:41:34'),
(73, 79, 0, '2020-12-10 16:41:34', '2020-12-10 16:41:34'),
(74, 80, 0, '2020-12-10 16:41:34', '2020-12-10 16:41:34'),
(75, 81, 0, '2020-12-10 16:41:34', '2020-12-10 16:41:34'),
(76, 82, 0, '2020-12-10 16:41:34', '2020-12-10 16:41:34'),
(77, 83, 0, '2020-12-10 16:41:34', '2020-12-10 16:41:34'),
(78, 84, 0, '2020-12-10 16:41:34', '2020-12-10 16:41:34'),
(79, 85, 0, '2020-12-10 16:41:34', '2020-12-10 16:41:34'),
(80, 86, 0, '2020-12-10 16:41:34', '2020-12-10 16:41:34'),
(81, 87, 0, '2020-12-10 16:41:34', '2020-12-10 16:41:34'),
(82, 88, 0, '2020-12-10 16:41:34', '2020-12-10 16:41:34'),
(83, 89, 0, '2020-12-10 16:41:34', '2020-12-10 16:41:34'),
(84, 90, 0, '2020-12-10 16:41:34', '2020-12-10 16:41:34'),
(85, 91, 0, '2020-12-10 16:41:34', '2020-12-10 16:41:34'),
(86, 92, 0, '2020-12-10 16:41:34', '2020-12-10 16:41:34'),
(87, 93, 0, '2020-12-10 16:41:34', '2020-12-10 16:41:34'),
(88, 94, 0, '2020-12-10 16:41:34', '2020-12-10 16:41:34'),
(89, 95, 0, '2020-12-10 16:41:34', '2020-12-10 16:41:34'),
(90, 96, 0, '2020-12-10 16:41:34', '2020-12-10 16:41:34'),
(91, 97, 0, '2020-12-10 16:41:34', '2020-12-10 16:41:34'),
(92, 98, 0, '2020-12-10 16:41:34', '2020-12-10 16:41:34'),
(93, 99, 0, '2020-12-10 16:41:34', '2020-12-10 16:41:34'),
(94, 100, 0, '2020-12-10 16:41:34', '2020-12-10 16:41:34'),
(95, 101, 0, '2020-12-10 16:41:34', '2020-12-10 16:41:34');

-- --------------------------------------------------------

--
-- Struktur dari tabel `hasil_finals`
--

CREATE TABLE `hasil_finals` (
  `id` bigint(20) UNSIGNED NOT NULL,
  `nomor_urut` varchar(255) COLLATE utf8mb4_unicode_ci NOT NULL,
  `jumlah_pemilih` bigint(20) NOT NULL,
  `name` varchar(255) COLLATE utf8mb4_unicode_ci NOT NULL
) ENGINE=InnoDB DEFAULT CHARSET=utf8mb4 COLLATE=utf8mb4_unicode_ci;

--
-- Dumping data untuk tabel `hasil_finals`
--

INSERT INTO `hasil_finals` (`id`, `nomor_urut`, `jumlah_pemilih`, `name`) VALUES
(1, '1', 189, 'Ambarita, Samuel Pdt'),
(2, '2', 167, 'Aritonang, Edward Pdt'),
(3, '3', 141, 'Banuarea, Henri Pdt'),
(4, '4', 176, 'Doloksaribu, Morhan Pdt'),
(5, '5', 123, 'Doloksaribu, Nurmawaty Pdt'),
(6, '6', 356, 'Gultom, Rein Justin Pdt'),
(7, '7', 169, 'Harahap, Chrisvandoli Pdt'),
(8, '8', 181, 'Harahap, Daniel Taruliasi Pdt'),
(9, '9', 338, 'Hutabarat, Ebsan Pdt'),
(10, '10', 124, 'Hutahaean, Conrad Pdt'),
(11, '11', 134, 'Hutahaean, Hotler Pdt'),
(12, '12', 120, 'Hutahaean, Rikson Pdt'),
(13, '13', 370, 'Hutapea, Hantus Pdt'),
(14, '14', 221, 'Hutasoit, Nursani Pdt'),
(15, '15', 133, 'Hutasoit, Richard Pdt'),
(16, '16', 377, 'Hutauruk, Juniaster Pdt'),
(17, '17', 121, 'Hutauruk, Las ni Rohana Pdt'),
(18, '18', 119, 'Limbong, Anggiat Pdt'),
(19, '19', 121, 'Lumbangaol, Robinsarhot Pdt'),
(20, '20', 331, 'Lumbansiantar, Daminna Pdt'),
(21, '21', 335, 'Lumbantobing, Darna Pdt'),
(22, '22', 601, 'Lumbantobing, Hardi Bontor Pdt'),
(23, '23', 417, 'Lumbantobing, Sarlen Pdt'),
(24, '24', 309, 'Manalu, Hasudungan Pdt'),
(25, '25', 470, 'Manik, Bernard Pdt'),
(26, '26', 144, 'Manullang, Martin Pdt'),
(27, '27', 346, 'Manullang, Sampur Pdt'),
(28, '28', 420, 'Manullang, Sihar Dobes Pdt'),
(29, '29', 425, 'Manurung, Mangatur Jeremia Pdt'),
(30, '30', 135, 'Manurung, Melkior Pdt'),
(31, '31', 139, 'Manurung, Sopar Pdt'),
(32, '32', 129, 'Marpaung, Halomoan Pdt'),
(33, '33', 213, 'Marpaung, Sihar Pdt'),
(34, '34', 136, 'Nababan, Anwar Pdt'),
(35, '35', 128, 'Nababan, Kaccon Pdt'),
(36, '36', 287, 'Naibaho, Sarman Pdt'),
(37, '37', 598, 'Nainggolan, Oloan Pdt'),
(38, '38', 233, 'Nainggolan, T. Golkaria Pdt'),
(39, '39', 489, 'Napitupulu, Henri Pdt'),
(40, '40', 97, 'Napitupulu, Japati Pdt'),
(41, '41', 380, 'Pandiangan, Mangidotua Pdt'),
(42, '42', 419, 'Panjaitan, Gunawan Pdt'),
(43, '43', 80, 'Panjaitan, Hitler Pdt'),
(44, '44', 341, 'Pasaribu, Julson Pdt'),
(45, '45', 410, 'Purba, Horas Y. Morgan Pdt'),
(46, '46', 70, 'Purba, Kefas Pdt'),
(47, '47', 62, 'Purba, Ramot Pdt'),
(48, '48', 89, 'Purba, Togar Parlin Pdt'),
(49, '49', 81, 'Rumapea, Tumpal Willy Pdt'),
(50, '50', 64, 'Samosir, Porman Pdt'),
(51, '51', 61, 'Siagian, Bintan Parulian Pdt'),
(52, '52', 125, 'Siahaan, Eden Pdt'),
(53, '53', 55, 'Siahaan, Romulus Pdt'),
(54, '54', 413, 'Siahaan, Same Pdt'),
(55, '55', 147, 'Sianturi, Burhan Pdt'),
(56, '56', 92, 'Siburian, Buha Kamson Pdt'),
(57, '57', 82, 'Silalahi, Batara Pdt'),
(58, '58', 93, 'Silalahi, Victor Singal Pdt'),
(59, '59', 53, 'Sihombing, Athur Pdt'),
(60, '60', 388, 'Sihombing, Sikpan Pdt'),
(61, '61', 384, 'Sihotang, Hercules Pdt'),
(62, '62', 63, 'Silaen, Tombak Pdt'),
(63, '63', 86, 'Silitonga, Hasudungan Pdt'),
(64, '64', 469, 'Silitonga, Maurixon Pdt'),
(65, '65', 76, 'Simamora, Benget Pdt'),
(66, '66', 347, 'Simamora, Gading Pdt'),
(67, '67', 65, 'Simanjuntak, Bikwai Pdt'),
(68, '68', 371, 'Simanjuntak, Donda Pdt'),
(69, '69', 177, 'Simanjuntak, Marisihot Pdt'),
(70, '70', 43, 'Simanjuntak, Mulia Pdt'),
(71, '71', 595, 'Simanjuntak, Nekson Pdt'),
(72, '72', 29, 'Simanjuntak, Nikson Pdt'),
(73, '73', 249, 'Simanungkalit, Gokma Pdt'),
(74, '74', 85, 'Simarmata, Paminta Pdt'),
(75, '75', 251, 'Sinaga, Kornel Pdt'),
(76, '76', 0, 'Sinaga, Osna Elferide Pdt'),
(77, '77', 83, 'Sinaga, Samsir Deli Pdt'),
(78, '78', 392, 'Sinambela, Suwandi Pdt'),
(79, '79', 68, 'Sirait, Djekson Pdt'),
(80, '80', 66, 'Siregar, Marauli Pdt'),
(81, '81', 55, 'Siregar, Sahalanaek Pdt'),
(82, '82', 45, 'Sitanggang, Henny Pdt'),
(83, '83', 366, 'Sitompul, Abednego Pdt'),
(84, '84', 433, 'Sitompul, Samuel Pdt'),
(85, '85', 551, 'Sitorus, Pahala Pdt'),
(86, '86', 416, 'Sitorus, Renova Johny Pdt'),
(87, '87', 57, 'Sitorus, Rumondang Pdt'),
(88, '88', 210, 'Situmeang, Elfred Pdt'),
(89, '89', 219, 'Tambun, Jonni Pdt'),
(90, '90', 290, 'Tambunan, Mangantar Pdt'),
(91, '91', 54, 'Tampubolon, Daniel R. A. Pdt'),
(92, '92', 56, 'Bancin, Helbin Pdt'),
(93, '93', 69, 'Sianturi, Parsaoran Pdt'),
(94, '94', 238, 'Siburian, Nikson Pdt'),
(95, '95', 294, 'Sitorus, Winner Pdt');

-- --------------------------------------------------------

--
-- Struktur dari tabel `migrations`
--

CREATE TABLE `migrations` (
  `id` int(10) UNSIGNED NOT NULL,
  `migration` varchar(255) COLLATE utf8mb4_unicode_ci NOT NULL,
  `batch` int(11) NOT NULL
) ENGINE=InnoDB DEFAULT CHARSET=utf8mb4 COLLATE=utf8mb4_unicode_ci;

--
-- Dumping data untuk tabel `migrations`
--

INSERT INTO `migrations` (`id`, `migration`, `batch`) VALUES
(1, '2014_10_12_000000_create_users_table', 1),
(2, '2020_12_03_040223_create_pesertas_table', 1),
(3, '2020_12_03_040530_create_calons_table', 1),
(4, '2020_12_03_041125_create_pascodes_table', 1),
(5, '2020_12_03_041427_create_monitorings_table', 1),
(6, '2014_10_12_100000_create_password_resets_table', 2),
(7, '2020_12_10_232530_create_dones_table', 2),
(8, '2020_12_11_074047_create_hasil_finals_table', 3);

-- --------------------------------------------------------

--
-- Struktur dari tabel `monitorings`
--

CREATE TABLE `monitorings` (
  `id` bigint(20) UNSIGNED NOT NULL,
  `calon_id` bigint(20) UNSIGNED NOT NULL,
  `jumlah_pemilih` bigint(20) NOT NULL,
  `created_at` timestamp NULL DEFAULT NULL,
  `updated_at` timestamp NULL DEFAULT NULL
) ENGINE=InnoDB DEFAULT CHARSET=utf8mb4 COLLATE=utf8mb4_unicode_ci;

--
-- Dumping data untuk tabel `monitorings`
--

INSERT INTO `monitorings` (`id`, `calon_id`, `jumlah_pemilih`, `created_at`, `updated_at`) VALUES
(6, 6, 0, '2020-12-09 23:30:49', '2020-12-09 23:30:49'),
(7, 7, 0, '2020-12-09 23:31:20', '2020-12-09 23:31:20'),
(8, 8, 0, '2020-12-09 23:32:09', '2020-12-09 23:32:09'),
(9, 9, 0, '2020-12-09 23:33:01', '2020-12-09 23:33:01'),
(10, 10, 0, '2020-12-09 23:34:51', '2020-12-09 23:34:51'),
(11, 11, 0, '2020-12-09 23:35:29', '2020-12-09 23:35:29'),
(12, 12, 0, '2020-12-09 23:36:36', '2020-12-09 23:36:36'),
(13, 13, 0, '2020-12-09 23:37:18', '2020-12-09 23:37:18'),
(14, 14, 0, '2020-12-09 23:41:18', '2020-12-09 23:41:18'),
(15, 15, 0, '2020-12-09 23:43:07', '2020-12-09 23:43:07'),
(16, 16, 0, '2020-12-09 23:44:02', '2020-12-09 23:44:02'),
(17, 17, 0, '2020-12-09 23:45:24', '2020-12-09 23:45:24'),
(18, 18, 0, '2020-12-09 23:46:19', '2020-12-09 23:46:19'),
(19, 19, 0, '2020-12-09 23:47:37', '2020-12-09 23:47:37'),
(20, 20, 0, '2020-12-09 23:49:40', '2020-12-09 23:49:40'),
(21, 21, 0, '2020-12-09 23:51:12', '2020-12-09 23:51:12'),
(22, 22, 0, '2020-12-09 23:52:12', '2020-12-09 23:52:12'),
(23, 23, 0, '2020-12-09 23:53:36', '2020-12-09 23:53:36'),
(24, 24, 0, '2020-12-09 23:55:01', '2020-12-09 23:55:01'),
(25, 25, 0, '2020-12-09 23:56:27', '2020-12-09 23:56:27'),
(26, 26, 0, '2020-12-09 23:57:37', '2020-12-09 23:57:37'),
(27, 27, 0, '2020-12-09 23:59:01', '2020-12-09 23:59:01'),
(28, 28, 0, '2020-12-09 23:59:59', '2020-12-09 23:59:59'),
(29, 29, 0, '2020-12-10 00:01:32', '2020-12-10 00:01:32'),
(30, 30, 0, '2020-12-10 00:02:52', '2020-12-10 00:02:52'),
(31, 31, 0, '2020-12-10 00:04:09', '2020-12-10 00:04:09'),
(32, 32, 0, '2020-12-10 00:05:51', '2020-12-10 00:05:51'),
(33, 33, 0, '2020-12-10 00:08:51', '2020-12-10 00:08:51'),
(34, 34, 0, '2020-12-10 00:10:00', '2020-12-10 00:10:00'),
(35, 35, 0, '2020-12-10 00:11:34', '2020-12-10 00:11:34'),
(36, 36, 0, '2020-12-10 00:13:30', '2020-12-10 00:13:30'),
(37, 37, 0, '2020-12-10 00:14:48', '2020-12-10 00:14:48'),
(38, 38, 0, '2020-12-10 00:22:37', '2020-12-10 00:22:37'),
(39, 39, 0, '2020-12-10 00:23:49', '2020-12-10 00:23:49'),
(40, 40, 0, '2020-12-10 00:24:43', '2020-12-10 00:24:43'),
(41, 41, 0, '2020-12-10 00:27:25', '2020-12-10 00:27:25'),
(42, 42, 0, '2020-12-10 00:28:28', '2020-12-10 00:28:28'),
(43, 43, 0, '2020-12-10 00:29:45', '2020-12-10 00:29:45'),
(44, 44, 0, '2020-12-10 00:30:58', '2020-12-10 00:30:58'),
(45, 45, 0, '2020-12-10 00:31:53', '2020-12-10 00:31:53'),
(46, 46, 0, '2020-12-10 00:34:03', '2020-12-10 00:34:03'),
(47, 47, 0, '2020-12-10 00:35:08', '2020-12-10 00:35:08'),
(48, 48, 0, '2020-12-10 00:36:26', '2020-12-10 00:36:26'),
(49, 49, 0, '2020-12-10 00:38:05', '2020-12-10 00:38:05'),
(50, 50, 0, '2020-12-10 00:50:48', '2020-12-10 00:50:48'),
(51, 51, 0, '2020-12-10 00:51:31', '2020-12-10 00:51:31'),
(52, 52, 0, '2020-12-10 00:53:54', '2020-12-10 00:53:54'),
(53, 53, 0, '2020-12-10 00:55:49', '2020-12-10 00:55:49'),
(54, 54, 0, '2020-12-10 00:57:37', '2020-12-10 00:57:37'),
(55, 55, 0, '2020-12-10 00:58:19', '2020-12-10 00:58:19'),
(56, 56, 0, '2020-12-10 01:08:05', '2020-12-10 01:08:05'),
(57, 57, 0, '2020-12-10 01:09:28', '2020-12-10 01:09:28'),
(58, 58, 0, '2020-12-10 01:10:33', '2020-12-10 01:10:33'),
(59, 59, 0, '2020-12-10 01:12:01', '2020-12-10 01:12:01'),
(60, 60, 0, '2020-12-10 01:13:42', '2020-12-10 01:13:42'),
(61, 61, 0, '2020-12-10 01:15:43', '2020-12-10 01:15:43'),
(62, 62, 0, '2020-12-10 01:16:40', '2020-12-10 01:16:40'),
(63, 63, 0, '2020-12-10 01:20:44', '2020-12-10 01:20:44'),
(64, 64, 0, '2020-12-10 01:21:43', '2020-12-10 01:21:43'),
(65, 65, 0, '2020-12-10 01:23:02', '2020-12-10 01:23:02'),
(66, 66, 0, '2020-12-10 01:24:03', '2020-12-10 01:24:03'),
(67, 67, 0, '2020-12-10 01:25:09', '2020-12-10 01:25:09'),
(68, 68, 0, '2020-12-10 01:37:47', '2020-12-10 01:37:47'),
(69, 69, 0, '2020-12-10 01:39:05', '2020-12-10 01:39:05'),
(70, 70, 0, '2020-12-10 01:40:50', '2020-12-10 01:40:50'),
(71, 72, 0, '2020-12-10 02:48:55', '2020-12-10 02:48:55'),
(72, 73, 0, '2020-12-10 02:49:50', '2020-12-10 02:49:50'),
(73, 74, 0, '2020-12-10 02:50:47', '2020-12-10 02:50:47'),
(74, 75, 0, '2020-12-10 02:51:54', '2020-12-10 02:51:54'),
(75, 76, 0, '2020-12-10 02:53:59', '2020-12-10 02:53:59'),
(76, 77, 0, '2020-12-10 02:55:12', '2020-12-10 02:55:12'),
(77, 78, 0, '2020-12-10 02:55:52', '2020-12-10 02:55:52'),
(78, 79, 0, '2020-12-10 02:57:10', '2020-12-10 02:57:10'),
(79, 80, 0, '2020-12-10 02:58:28', '2020-12-10 02:58:28'),
(80, 81, 0, '2020-12-10 02:59:15', '2020-12-10 02:59:15'),
(81, 82, 0, '2020-12-10 03:00:08', '2020-12-10 03:00:08'),
(82, 83, 0, '2020-12-10 03:08:31', '2020-12-10 03:08:31'),
(83, 84, 0, '2020-12-10 03:11:13', '2020-12-10 03:11:13'),
(84, 85, 0, '2020-12-10 03:11:46', '2020-12-10 03:11:46'),
(85, 86, 0, '2020-12-10 03:13:52', '2020-12-10 03:13:52'),
(86, 87, 0, '2020-12-10 03:14:34', '2020-12-10 03:14:34'),
(87, 88, 0, '2020-12-10 03:15:13', '2020-12-10 03:15:13'),
(88, 89, 0, '2020-12-10 03:16:23', '2020-12-10 03:16:23'),
(89, 90, 0, '2020-12-10 03:17:56', '2020-12-10 03:17:56'),
(90, 91, 0, '2020-12-10 03:18:44', '2020-12-10 03:18:44'),
(91, 92, 0, '2020-12-10 03:23:23', '2020-12-10 03:23:23'),
(92, 93, 0, '2020-12-10 03:24:27', '2020-12-10 03:24:27'),
(93, 94, 0, '2020-12-10 03:26:01', '2020-12-10 03:26:01'),
(94, 95, 0, '2020-12-10 03:26:43', '2020-12-10 03:26:43'),
(95, 96, 0, '2020-12-10 03:27:50', '2020-12-10 03:27:50'),
(96, 97, 0, '2020-12-10 03:28:35', '2020-12-10 03:28:35'),
(97, 98, 0, '2020-12-10 03:29:37', '2020-12-10 03:29:37'),
(98, 99, 0, '2020-12-10 03:30:18', '2020-12-10 03:30:18'),
(99, 100, 0, '2020-12-10 03:31:04', '2020-12-10 03:31:04'),
(100, 101, 0, '2020-12-10 03:31:35', '2020-12-10 03:31:35');

-- --------------------------------------------------------

--
-- Struktur dari tabel `pascodes`
--

CREATE TABLE `pascodes` (
  `id` bigint(20) UNSIGNED NOT NULL,
  `user_id` bigint(20) UNSIGNED NOT NULL,
  `pascode` varchar(255) COLLATE utf8mb4_unicode_ci NOT NULL,
  `status` int(11) NOT NULL DEFAULT 1 COMMENT '1=blm digunakan, 2=digunakan',
  `created_at` timestamp NULL DEFAULT NULL,
  `updated_at` timestamp NULL DEFAULT NULL
) ENGINE=InnoDB DEFAULT CHARSET=utf8mb4 COLLATE=utf8mb4_unicode_ci;

--
-- Dumping data untuk tabel `pascodes`
--

INSERT INTO `pascodes` (`id`, `user_id`, `pascode`, `status`, `created_at`, `updated_at`) VALUES
(1, 1, '14234', 1, '2020-12-08 09:12:38', '2020-12-10 00:59:25'),
(2, 1, '36159', 1, '2020-12-08 09:15:55', '2020-12-09 06:40:23'),
(3, 1, '60195', 1, '2020-12-09 09:37:35', '2020-12-09 09:37:35'),
(4, 1, '12406', 1, '2020-12-09 09:37:36', '2020-12-09 09:37:36'),
(5, 1, '78663', 1, '2020-12-09 09:37:37', '2020-12-09 09:37:37'),
(6, 1, '57856', 1, '2020-12-09 09:37:38', '2020-12-09 09:37:38'),
(7, 1, '70909', 1, '2020-12-09 09:37:41', '2020-12-09 09:37:41'),
(8, 1, '22032', 1, '2020-12-09 09:37:42', '2020-12-09 09:37:42'),
(9, 1, '38341', 1, '2020-12-09 09:37:44', '2020-12-09 09:37:44'),
(10, 1, '13212', 1, '2020-12-09 09:37:45', '2020-12-09 09:37:45'),
(11, 1, '15277', 1, '2020-12-09 09:37:47', '2020-12-09 09:37:47'),
(12, 1, '71918', 1, '2020-12-09 09:37:48', '2020-12-09 09:37:48'),
(13, 1, '37640', 1, '2020-12-09 09:37:49', '2020-12-09 09:37:49'),
(14, 1, '55283', 1, '2020-12-09 09:38:50', '2020-12-09 09:38:50'),
(15, 1, '53596', 1, '2020-12-09 09:38:52', '2020-12-09 09:38:52'),
(16, 1, '13589', 1, '2020-12-09 09:38:53', '2020-12-09 09:38:53'),
(17, 1, '81616', 1, '2020-12-09 09:38:54', '2020-12-09 09:38:54'),
(18, 1, '79882', 1, '2020-12-09 09:38:56', '2020-12-09 09:38:56'),
(19, 1, '79141', 1, '2020-12-09 09:38:57', '2020-12-09 09:38:57'),
(20, 1, '73207', 1, '2020-12-09 09:38:59', '2020-12-09 09:38:59'),
(21, 1, '73669', 1, '2020-12-09 09:39:00', '2020-12-09 09:39:00'),
(22, 1, '75167', 1, '2020-12-09 09:39:01', '2020-12-09 09:39:01'),
(23, 1, '86109', 1, '2020-12-09 09:39:04', '2020-12-09 09:39:04'),
(24, 1, '37866', 1, '2020-12-09 09:39:05', '2020-12-09 09:39:05'),
(25, 1, '11747', 1, '2020-12-09 09:39:06', '2020-12-09 09:39:06'),
(26, 1, '79563', 1, '2020-12-09 09:39:08', '2020-12-09 09:39:08'),
(27, 1, '12720', 1, '2020-12-09 09:39:10', '2020-12-09 09:39:10'),
(28, 1, '85190', 1, '2020-12-09 09:39:11', '2020-12-09 09:39:11'),
(29, 1, '56149', 1, '2020-12-09 09:39:12', '2020-12-09 09:39:12'),
(30, 1, '98084', 1, '2020-12-09 09:39:13', '2020-12-09 09:39:13'),
(31, 1, '80713', 1, '2020-12-09 09:39:15', '2020-12-09 09:39:15'),
(32, 1, '43311', 1, '2020-12-09 09:39:16', '2020-12-09 09:39:16'),
(33, 1, '32102', 1, '2020-12-09 09:39:17', '2020-12-09 09:39:17'),
(34, 1, '15213', 1, '2020-12-09 09:39:18', '2020-12-09 09:39:18'),
(35, 1, '88391', 1, '2020-12-09 09:39:20', '2020-12-09 09:39:20'),
(36, 1, '51188', 1, '2020-12-09 09:39:21', '2020-12-09 09:39:21'),
(37, 1, '62295', 1, '2020-12-09 09:39:22', '2020-12-09 09:39:22'),
(38, 1, '85209', 1, '2020-12-09 09:39:23', '2020-12-09 09:39:23'),
(39, 1, '84221', 1, '2020-12-09 09:39:24', '2020-12-09 09:39:24'),
(40, 1, '79415', 1, '2020-12-09 09:39:26', '2020-12-09 09:39:26'),
(41, 1, '21578', 1, '2020-12-09 09:39:27', '2020-12-09 09:39:27'),
(42, 1, '62056', 1, '2020-12-09 09:39:28', '2020-12-09 09:39:28'),
(43, 1, '57505', 1, '2020-12-09 09:39:29', '2020-12-09 09:39:29'),
(44, 1, '15548', 1, '2020-12-09 09:39:30', '2020-12-09 09:39:30'),
(45, 1, '67700', 1, '2020-12-09 09:39:32', '2020-12-09 09:39:32'),
(46, 1, '13242', 1, '2020-12-09 09:39:33', '2020-12-09 09:39:33'),
(47, 1, '26020', 1, '2020-12-09 09:39:33', '2020-12-09 09:39:33'),
(48, 1, '71253', 1, '2020-12-09 09:39:34', '2020-12-09 09:39:34'),
(49, 1, '69381', 1, '2020-12-09 09:39:35', '2020-12-09 09:39:35'),
(50, 1, '91708', 1, '2020-12-09 09:39:36', '2020-12-09 09:39:36'),
(51, 1, '21529', 1, '2020-12-09 09:39:37', '2020-12-09 09:39:37'),
(52, 1, '14742', 1, '2020-12-09 09:39:38', '2020-12-09 09:39:38'),
(53, 1, '43255', 1, '2020-12-09 09:39:40', '2020-12-09 09:39:40'),
(54, 1, '77300', 1, '2020-12-09 09:39:41', '2020-12-09 09:39:41'),
(55, 1, '66585', 1, '2020-12-09 09:39:43', '2020-12-09 09:39:43'),
(56, 1, '22662', 1, '2020-12-09 09:39:45', '2020-12-09 09:39:45'),
(57, 1, '25241', 1, '2020-12-09 09:39:46', '2020-12-09 09:39:46'),
(58, 1, '83601', 1, '2020-12-09 09:39:47', '2020-12-09 09:39:47'),
(59, 1, '57929', 1, '2020-12-09 09:39:50', '2020-12-09 09:39:50'),
(60, 1, '30174', 1, '2020-12-09 09:39:51', '2020-12-09 09:39:51'),
(61, 1, '61195', 1, '2020-12-09 09:39:52', '2020-12-09 09:39:52'),
(62, 1, '97878', 1, '2020-12-09 09:39:53', '2020-12-09 09:39:53'),
(63, 1, '61285', 1, '2020-12-09 09:39:54', '2020-12-09 09:39:54'),
(64, 1, '96242', 1, '2020-12-09 09:39:55', '2020-12-09 09:39:55'),
(65, 1, '88110', 1, '2020-12-09 09:39:57', '2020-12-09 09:39:57'),
(66, 1, '21401', 1, '2020-12-09 09:39:58', '2020-12-09 09:39:58'),
(67, 1, '96764', 1, '2020-12-09 09:40:00', '2020-12-09 09:40:00'),
(68, 1, '23921', 1, '2020-12-09 09:40:01', '2020-12-09 09:40:01'),
(69, 1, '59543', 1, '2020-12-09 09:40:03', '2020-12-09 09:40:03'),
(70, 1, '47581', 1, '2020-12-09 09:40:03', '2020-12-09 09:40:03'),
(71, 1, '36524', 1, '2020-12-09 09:40:12', '2020-12-09 09:40:12'),
(72, 1, '40385', 1, '2020-12-09 09:40:14', '2020-12-09 09:40:14'),
(73, 1, '52588', 1, '2020-12-09 09:40:39', '2020-12-09 09:40:39'),
(74, 1, '87701', 1, '2020-12-09 09:40:40', '2020-12-09 09:40:40'),
(75, 1, '49829', 1, '2020-12-09 09:40:42', '2020-12-09 09:40:42'),
(76, 1, '83903', 1, '2020-12-09 09:40:44', '2020-12-09 09:40:44'),
(77, 1, '84257', 1, '2020-12-09 09:40:45', '2020-12-09 09:40:45'),
(78, 1, '21221', 1, '2020-12-09 09:40:46', '2020-12-09 09:40:46'),
(79, 1, '47848', 1, '2020-12-09 09:40:49', '2020-12-09 09:40:49'),
(80, 1, '45625', 1, '2020-12-09 09:40:50', '2020-12-09 09:40:50'),
(81, 1, '79979', 1, '2020-12-09 09:40:52', '2020-12-09 09:40:52'),
(82, 1, '46646', 1, '2020-12-09 09:40:53', '2020-12-09 09:40:53'),
(83, 1, '54292', 1, '2020-12-09 09:40:55', '2020-12-09 09:40:55'),
(84, 1, '55127', 1, '2020-12-09 09:40:56', '2020-12-09 09:40:56'),
(85, 1, '97782', 1, '2020-12-09 09:40:57', '2020-12-09 09:40:57'),
(86, 1, '94696', 1, '2020-12-09 09:40:58', '2020-12-09 09:40:58'),
(87, 1, '84513', 1, '2020-12-09 09:40:59', '2020-12-09 09:40:59'),
(88, 1, '30296', 1, '2020-12-09 09:41:01', '2020-12-09 09:41:01'),
(89, 1, '73903', 1, '2020-12-09 09:41:02', '2020-12-09 09:41:02'),
(90, 1, '90096', 1, '2020-12-09 09:41:04', '2020-12-09 09:41:04'),
(91, 1, '97584', 1, '2020-12-09 09:41:05', '2020-12-09 09:41:05'),
(92, 1, '43789', 1, '2020-12-09 09:41:06', '2020-12-09 09:41:06'),
(93, 1, '83068', 1, '2020-12-09 09:41:07', '2020-12-09 09:41:07'),
(94, 1, '68280', 1, '2020-12-09 09:41:09', '2020-12-09 09:41:09'),
(95, 1, '55441', 1, '2020-12-09 09:41:10', '2020-12-09 09:41:10'),
(96, 1, '39655', 1, '2020-12-09 09:41:11', '2020-12-09 09:41:11'),
(97, 1, '90999', 1, '2020-12-09 09:41:12', '2020-12-09 09:41:12'),
(98, 1, '96948', 1, '2020-12-09 09:41:13', '2020-12-09 09:41:13'),
(99, 1, '60440', 1, '2020-12-09 09:41:15', '2020-12-09 09:41:15'),
(100, 1, '90888', 1, '2020-12-09 09:41:16', '2020-12-09 09:41:16'),
(101, 1, '10989', 1, '2020-12-09 09:41:18', '2020-12-09 09:41:18'),
(102, 1, '95639', 1, '2020-12-09 09:41:19', '2020-12-09 09:41:19'),
(103, 1, '62345', 1, '2020-12-09 09:41:21', '2020-12-09 09:41:21'),
(104, 1, '48186', 1, '2020-12-09 09:41:22', '2020-12-09 09:41:22'),
(105, 1, '52601', 1, '2020-12-09 09:41:24', '2020-12-09 09:41:24'),
(106, 1, '35519', 1, '2020-12-09 09:41:25', '2020-12-09 09:41:25'),
(107, 1, '19275', 1, '2020-12-09 09:41:26', '2020-12-09 09:41:26'),
(108, 1, '10948', 1, '2020-12-09 09:41:28', '2020-12-09 09:41:28'),
(109, 1, '30663', 1, '2020-12-09 09:41:29', '2020-12-09 09:41:29'),
(110, 1, '61991', 1, '2020-12-09 09:41:33', '2020-12-09 09:41:33'),
(111, 1, '28313', 1, '2020-12-09 09:41:39', '2020-12-09 09:41:39'),
(112, 1, '27120', 1, '2020-12-09 09:41:40', '2020-12-09 09:41:40'),
(113, 1, '99936', 1, '2020-12-09 09:41:42', '2020-12-09 09:41:42'),
(114, 1, '33307', 1, '2020-12-09 09:41:44', '2020-12-09 09:41:44'),
(115, 1, '22951', 1, '2020-12-09 09:41:46', '2020-12-09 09:41:46'),
(116, 1, '59850', 1, '2020-12-09 09:41:48', '2020-12-09 09:41:48'),
(117, 1, '81454', 1, '2020-12-09 09:41:50', '2020-12-09 09:41:50'),
(118, 1, '81650', 1, '2020-12-09 09:41:52', '2020-12-09 09:41:52'),
(119, 1, '12787', 1, '2020-12-09 09:41:53', '2020-12-09 09:41:53'),
(120, 1, '75944', 1, '2020-12-09 09:41:55', '2020-12-09 09:41:55'),
(121, 1, '25480', 1, '2020-12-09 09:41:56', '2020-12-09 09:41:56'),
(122, 1, '57042', 1, '2020-12-09 09:41:57', '2020-12-09 09:41:57'),
(123, 1, '65244', 1, '2020-12-09 09:41:58', '2020-12-09 09:41:58'),
(124, 1, '54142', 1, '2020-12-09 09:41:59', '2020-12-09 09:41:59'),
(125, 1, '85482', 1, '2020-12-09 09:42:00', '2020-12-09 09:42:00'),
(126, 1, '93463', 1, '2020-12-09 09:42:02', '2020-12-09 09:42:02'),
(127, 1, '78320', 1, '2020-12-09 09:42:03', '2020-12-09 09:42:03'),
(128, 1, '83744', 1, '2020-12-09 09:42:05', '2020-12-09 09:42:05'),
(129, 1, '34144', 1, '2020-12-09 09:42:07', '2020-12-09 09:42:07'),
(130, 1, '10762', 1, '2020-12-09 09:42:08', '2020-12-09 09:42:08'),
(131, 1, '18954', 1, '2020-12-09 09:42:09', '2020-12-09 09:42:09'),
(132, 1, '59192', 1, '2020-12-09 09:42:10', '2020-12-09 09:42:10'),
(133, 1, '55288', 1, '2020-12-09 09:42:11', '2020-12-09 09:42:11'),
(134, 1, '47580', 1, '2020-12-09 09:42:13', '2020-12-09 09:42:13'),
(135, 1, '58217', 1, '2020-12-09 09:42:14', '2020-12-09 09:42:14'),
(136, 1, '18569', 1, '2020-12-09 09:42:16', '2020-12-09 09:42:16'),
(137, 1, '94674', 1, '2020-12-09 09:42:17', '2020-12-09 09:42:17'),
(138, 1, '70683', 1, '2020-12-09 09:42:18', '2020-12-09 09:42:18'),
(139, 1, '84235', 1, '2020-12-09 09:42:19', '2020-12-09 09:42:19'),
(140, 1, '47518', 1, '2020-12-09 09:42:20', '2020-12-09 09:42:20'),
(141, 1, '24392', 1, '2020-12-09 09:42:20', '2020-12-09 09:42:20'),
(142, 1, '31428', 1, '2020-12-09 09:42:20', '2020-12-09 09:42:20'),
(143, 1, '46751', 1, '2020-12-09 09:42:21', '2020-12-09 09:42:21'),
(144, 1, '26815', 1, '2020-12-09 09:42:21', '2020-12-09 09:42:21'),
(145, 1, '94159', 1, '2020-12-09 09:42:22', '2020-12-09 09:42:22'),
(146, 1, '15782', 1, '2020-12-09 09:42:22', '2020-12-09 09:42:22'),
(147, 1, '92101', 1, '2020-12-09 09:42:22', '2020-12-09 09:42:22'),
(148, 1, '79403', 1, '2020-12-09 09:42:22', '2020-12-09 09:42:22'),
(149, 1, '93449', 1, '2020-12-09 09:42:22', '2020-12-09 09:42:22'),
(150, 1, '87941', 1, '2020-12-09 09:42:23', '2020-12-09 09:42:23'),
(151, 1, '89520', 1, '2020-12-09 09:42:23', '2020-12-09 09:42:23'),
(152, 1, '80034', 1, '2020-12-09 09:42:23', '2020-12-09 09:42:23'),
(153, 1, '52423', 1, '2020-12-09 09:42:23', '2020-12-09 09:42:23'),
(154, 1, '31605', 1, '2020-12-09 09:42:24', '2020-12-09 09:42:24'),
(155, 1, '57152', 1, '2020-12-09 09:42:26', '2020-12-09 09:42:26'),
(156, 1, '16074', 1, '2020-12-09 09:42:27', '2020-12-09 09:42:27'),
(157, 1, '94403', 1, '2020-12-09 09:42:28', '2020-12-09 09:42:28'),
(158, 1, '68319', 1, '2020-12-09 09:42:30', '2020-12-09 09:42:30'),
(159, 1, '77323', 1, '2020-12-09 09:42:31', '2020-12-09 09:42:31'),
(160, 1, '99451', 1, '2020-12-09 09:42:33', '2020-12-09 09:42:33'),
(161, 1, '52289', 1, '2020-12-09 09:42:34', '2020-12-09 09:42:34'),
(162, 1, '86311', 1, '2020-12-09 09:42:35', '2020-12-09 09:42:35'),
(163, 1, '28807', 1, '2020-12-09 09:42:36', '2020-12-09 09:42:36'),
(164, 1, '44167', 1, '2020-12-09 09:42:38', '2020-12-09 09:42:38'),
(165, 1, '33159', 1, '2020-12-09 09:42:40', '2020-12-09 09:42:40'),
(166, 1, '34711', 1, '2020-12-09 09:42:42', '2020-12-09 09:42:42'),
(167, 1, '77973', 1, '2020-12-09 09:42:43', '2020-12-09 09:42:43'),
(168, 1, '89537', 1, '2020-12-09 09:42:46', '2020-12-09 09:42:46'),
(169, 1, '36761', 1, '2020-12-09 09:42:47', '2020-12-09 09:42:47'),
(170, 1, '10589', 1, '2020-12-09 09:42:48', '2020-12-09 09:42:48'),
(171, 1, '78546', 1, '2020-12-09 09:42:50', '2020-12-09 09:42:50'),
(172, 1, '41207', 1, '2020-12-09 09:42:51', '2020-12-09 09:42:51'),
(173, 1, '34890', 1, '2020-12-09 09:42:52', '2020-12-09 09:42:52'),
(174, 1, '45791', 1, '2020-12-09 09:42:55', '2020-12-09 09:42:55'),
(175, 1, '55594', 1, '2020-12-09 09:42:56', '2020-12-09 09:42:56'),
(176, 1, '76686', 1, '2020-12-09 09:42:58', '2020-12-09 09:42:58'),
(177, 1, '26311', 1, '2020-12-09 09:42:59', '2020-12-09 09:42:59'),
(178, 1, '99820', 1, '2020-12-09 09:43:00', '2020-12-09 09:43:00'),
(179, 1, '32972', 1, '2020-12-09 09:43:02', '2020-12-09 09:43:02'),
(180, 1, '19296', 1, '2020-12-09 09:43:03', '2020-12-09 09:43:03'),
(181, 1, '15241', 1, '2020-12-09 09:43:04', '2020-12-09 09:43:04'),
(182, 1, '32454', 1, '2020-12-09 09:43:06', '2020-12-09 09:43:06'),
(183, 1, '42738', 1, '2020-12-09 09:43:07', '2020-12-09 09:43:07'),
(184, 1, '97080', 1, '2020-12-09 09:43:08', '2020-12-09 09:43:08'),
(185, 1, '48052', 1, '2020-12-09 09:43:10', '2020-12-09 09:43:10'),
(186, 1, '67539', 1, '2020-12-09 09:43:11', '2020-12-09 09:43:11'),
(187, 1, '42184', 1, '2020-12-09 09:43:12', '2020-12-09 09:43:12'),
(188, 1, '46749', 1, '2020-12-09 09:43:14', '2020-12-09 09:43:14'),
(189, 1, '71606', 1, '2020-12-09 09:43:15', '2020-12-09 09:43:15'),
(190, 1, '21225', 1, '2020-12-09 09:43:17', '2020-12-09 09:43:17'),
(191, 1, '88732', 1, '2020-12-09 09:43:19', '2020-12-09 09:43:19'),
(192, 1, '22555', 1, '2020-12-09 09:43:20', '2020-12-09 09:43:20'),
(193, 1, '48096', 1, '2020-12-09 09:43:22', '2020-12-09 09:43:22'),
(194, 1, '22440', 1, '2020-12-09 09:43:23', '2020-12-09 09:43:23'),
(195, 1, '78280', 1, '2020-12-09 09:43:24', '2020-12-09 09:43:24'),
(196, 1, '97011', 1, '2020-12-09 09:43:26', '2020-12-09 09:43:26'),
(197, 1, '78857', 1, '2020-12-09 09:43:27', '2020-12-09 09:43:27'),
(198, 1, '29009', 1, '2020-12-09 09:43:28', '2020-12-09 09:43:28'),
(199, 1, '74688', 1, '2020-12-09 09:43:30', '2020-12-09 09:43:30'),
(200, 1, '11280', 1, '2020-12-09 09:43:31', '2020-12-09 09:43:31'),
(201, 1, '68077', 1, '2020-12-09 09:43:34', '2020-12-09 09:43:34'),
(202, 1, '83925', 1, '2020-12-09 09:43:37', '2020-12-09 09:43:37'),
(203, 1, '23968', 1, '2020-12-09 09:43:39', '2020-12-09 09:43:39'),
(204, 1, '95953', 1, '2020-12-09 09:43:41', '2020-12-09 09:43:41'),
(205, 1, '78226', 1, '2020-12-09 09:43:43', '2020-12-09 09:43:43'),
(206, 1, '76292', 1, '2020-12-09 09:43:45', '2020-12-09 09:43:45'),
(207, 1, '70297', 1, '2020-12-09 09:43:46', '2020-12-09 09:43:46'),
(208, 1, '13192', 1, '2020-12-09 09:43:48', '2020-12-09 09:43:48'),
(209, 1, '18018', 1, '2020-12-09 09:43:51', '2020-12-09 09:43:51'),
(210, 1, '10578', 1, '2020-12-09 09:43:52', '2020-12-09 09:43:52'),
(211, 1, '70387', 1, '2020-12-09 09:43:54', '2020-12-09 09:43:54'),
(212, 1, '61185', 1, '2020-12-09 09:43:55', '2020-12-09 09:43:55'),
(213, 1, '33837', 1, '2020-12-09 09:43:57', '2020-12-09 09:43:57'),
(214, 1, '46524', 1, '2020-12-09 09:44:12', '2020-12-09 09:44:12'),
(215, 1, '98099', 1, '2020-12-09 09:44:14', '2020-12-09 09:44:14'),
(216, 1, '11966', 1, '2020-12-09 09:44:16', '2020-12-09 09:44:16'),
(217, 1, '88963', 1, '2020-12-09 09:44:18', '2020-12-09 09:44:18'),
(218, 1, '49670', 1, '2020-12-09 09:44:20', '2020-12-09 09:44:20'),
(219, 1, '67928', 1, '2020-12-09 09:44:22', '2020-12-09 09:44:22'),
(220, 1, '42201', 1, '2020-12-09 09:44:23', '2020-12-09 09:44:23'),
(221, 1, '87133', 1, '2020-12-09 09:44:25', '2020-12-09 09:44:25'),
(222, 1, '42233', 1, '2020-12-09 09:44:26', '2020-12-09 09:44:26'),
(223, 1, '94548', 1, '2020-12-09 09:44:27', '2020-12-09 09:44:27'),
(224, 1, '66215', 1, '2020-12-09 09:44:29', '2020-12-09 09:44:29'),
(225, 1, '78658', 1, '2020-12-09 09:44:30', '2020-12-09 09:44:30'),
(226, 1, '44780', 1, '2020-12-09 09:44:31', '2020-12-09 09:44:31'),
(227, 1, '85061', 1, '2020-12-09 09:44:33', '2020-12-09 09:44:33'),
(228, 1, '42635', 1, '2020-12-09 09:44:34', '2020-12-09 09:44:34'),
(229, 1, '73395', 1, '2020-12-09 09:44:35', '2020-12-09 09:44:35'),
(230, 1, '42474', 1, '2020-12-09 09:44:37', '2020-12-09 09:44:37'),
(231, 1, '43919', 1, '2020-12-09 09:44:38', '2020-12-09 09:44:38'),
(232, 1, '75423', 1, '2020-12-09 09:44:40', '2020-12-09 09:44:40'),
(233, 1, '59220', 1, '2020-12-09 09:44:41', '2020-12-09 09:44:41'),
(234, 1, '62687', 1, '2020-12-09 09:44:43', '2020-12-09 09:44:43'),
(235, 1, '94067', 1, '2020-12-09 09:44:45', '2020-12-09 09:44:45'),
(236, 1, '98539', 1, '2020-12-09 09:44:47', '2020-12-09 09:44:47'),
(237, 1, '11887', 1, '2020-12-09 09:44:48', '2020-12-09 09:44:48'),
(238, 1, '75452', 1, '2020-12-09 09:44:49', '2020-12-09 09:44:49'),
(239, 1, '64300', 1, '2020-12-09 09:44:51', '2020-12-09 09:44:51'),
(240, 1, '17685', 1, '2020-12-09 09:44:52', '2020-12-09 09:44:52'),
(241, 1, '89919', 1, '2020-12-09 09:44:54', '2020-12-09 09:44:54'),
(242, 1, '67017', 1, '2020-12-09 09:44:55', '2020-12-09 09:44:55'),
(243, 1, '94710', 1, '2020-12-09 09:44:56', '2020-12-09 09:44:56'),
(244, 1, '11008', 1, '2020-12-09 09:44:58', '2020-12-09 09:44:58'),
(245, 1, '34267', 1, '2020-12-09 09:44:59', '2020-12-09 09:44:59'),
(246, 1, '88587', 1, '2020-12-09 09:45:01', '2020-12-09 09:45:01'),
(247, 1, '96003', 1, '2020-12-09 09:45:02', '2020-12-09 09:45:02'),
(248, 1, '50994', 1, '2020-12-09 09:45:04', '2020-12-09 09:45:04'),
(249, 1, '48657', 1, '2020-12-09 09:45:06', '2020-12-09 09:45:06'),
(250, 1, '44496', 1, '2020-12-09 09:45:07', '2020-12-09 09:45:07'),
(251, 1, '88544', 1, '2020-12-09 09:45:08', '2020-12-09 09:45:08'),
(252, 1, '80724', 1, '2020-12-09 09:45:10', '2020-12-09 09:45:10'),
(253, 1, '97506', 1, '2020-12-09 09:45:13', '2020-12-09 09:45:13'),
(254, 1, '87766', 1, '2020-12-09 09:45:15', '2020-12-09 09:45:15'),
(255, 1, '79714', 1, '2020-12-09 09:45:16', '2020-12-09 09:45:16'),
(256, 1, '21554', 1, '2020-12-09 09:45:18', '2020-12-09 09:45:18'),
(257, 1, '36801', 1, '2020-12-09 09:45:19', '2020-12-09 09:45:19'),
(258, 1, '99280', 1, '2020-12-09 09:45:21', '2020-12-09 09:45:21'),
(259, 1, '42643', 1, '2020-12-09 09:45:22', '2020-12-09 09:45:22'),
(260, 1, '26682', 1, '2020-12-09 09:45:23', '2020-12-09 09:45:23'),
(261, 1, '48900', 1, '2020-12-09 09:45:25', '2020-12-09 09:45:25'),
(262, 1, '92173', 1, '2020-12-09 09:45:26', '2020-12-09 09:45:26'),
(263, 1, '82176', 1, '2020-12-09 09:45:28', '2020-12-09 09:45:28'),
(264, 1, '36903', 1, '2020-12-09 09:45:29', '2020-12-09 09:45:29'),
(265, 1, '32896', 1, '2020-12-09 09:45:31', '2020-12-09 09:45:31'),
(266, 1, '78468', 1, '2020-12-09 09:45:34', '2020-12-09 09:45:34'),
(267, 1, '91963', 1, '2020-12-09 09:45:35', '2020-12-09 09:45:35'),
(268, 1, '70584', 1, '2020-12-09 09:45:37', '2020-12-09 09:45:37'),
(269, 1, '79620', 1, '2020-12-09 09:45:38', '2020-12-09 09:45:38'),
(270, 1, '89002', 1, '2020-12-09 09:45:40', '2020-12-09 09:45:40'),
(271, 1, '53463', 1, '2020-12-09 09:45:51', '2020-12-09 09:45:51'),
(272, 1, '19347', 1, '2020-12-09 09:45:53', '2020-12-09 09:45:53'),
(273, 1, '68413', 1, '2020-12-09 09:45:54', '2020-12-09 09:45:54'),
(274, 1, '65979', 1, '2020-12-09 09:45:56', '2020-12-09 09:45:56'),
(275, 1, '89191', 1, '2020-12-09 09:45:58', '2020-12-09 09:45:58'),
(276, 1, '48069', 1, '2020-12-09 09:45:59', '2020-12-09 09:45:59'),
(277, 1, '65321', 1, '2020-12-09 09:46:00', '2020-12-09 09:46:00'),
(278, 1, '67016', 1, '2020-12-09 09:46:02', '2020-12-09 09:46:02'),
(279, 1, '73148', 1, '2020-12-09 09:46:04', '2020-12-09 09:46:04'),
(280, 1, '67854', 1, '2020-12-09 09:46:06', '2020-12-09 09:46:06'),
(281, 1, '92549', 1, '2020-12-09 09:46:07', '2020-12-09 09:46:07'),
(282, 1, '70098', 1, '2020-12-09 09:46:09', '2020-12-09 09:46:09'),
(283, 1, '42761', 1, '2020-12-09 09:46:10', '2020-12-09 09:46:10'),
(284, 1, '53338', 1, '2020-12-09 09:46:12', '2020-12-09 09:46:12'),
(285, 1, '24299', 1, '2020-12-09 09:46:13', '2020-12-09 09:46:13'),
(286, 1, '90460', 1, '2020-12-09 09:46:14', '2020-12-09 09:46:14'),
(287, 1, '51192', 1, '2020-12-09 09:46:16', '2020-12-09 09:46:16'),
(288, 1, '23569', 1, '2020-12-09 09:46:17', '2020-12-09 09:46:17'),
(289, 1, '90105', 1, '2020-12-09 09:46:19', '2020-12-09 09:46:19'),
(290, 1, '64199', 1, '2020-12-09 09:46:20', '2020-12-09 09:46:20'),
(291, 1, '92082', 1, '2020-12-09 09:46:21', '2020-12-09 09:46:21'),
(292, 1, '24859', 1, '2020-12-09 09:46:23', '2020-12-09 09:46:23'),
(293, 1, '56440', 1, '2020-12-09 09:46:25', '2020-12-09 09:46:25'),
(294, 1, '99435', 1, '2020-12-09 09:46:27', '2020-12-09 09:46:27'),
(295, 1, '88502', 1, '2020-12-09 09:46:29', '2020-12-09 09:46:29'),
(296, 1, '10145', 1, '2020-12-09 09:46:30', '2020-12-09 09:46:30'),
(297, 1, '11237', 1, '2020-12-09 09:46:32', '2020-12-09 09:46:32'),
(298, 1, '61085', 1, '2020-12-09 09:46:33', '2020-12-09 09:46:33'),
(299, 1, '46594', 1, '2020-12-09 09:46:34', '2020-12-09 09:46:34'),
(300, 1, '42430', 1, '2020-12-09 09:46:36', '2020-12-09 09:46:36'),
(301, 1, '37760', 1, '2020-12-09 09:46:37', '2020-12-09 09:46:37'),
(302, 1, '75893', 1, '2020-12-09 09:46:38', '2020-12-09 09:46:38'),
(303, 1, '61189', 1, '2020-12-09 09:46:40', '2020-12-09 09:46:40'),
(304, 1, '26545', 1, '2020-12-09 09:46:42', '2020-12-09 09:46:42'),
(305, 1, '32123', 1, '2020-12-09 09:46:43', '2020-12-09 09:46:43'),
(306, 1, '72510', 1, '2020-12-09 09:46:44', '2020-12-09 09:46:44'),
(307, 1, '90026', 1, '2020-12-09 09:46:47', '2020-12-09 09:46:47'),
(308, 1, '36680', 1, '2020-12-09 09:48:40', '2020-12-09 09:48:40'),
(309, 1, '35724', 1, '2020-12-09 09:48:41', '2020-12-09 09:48:41'),
(310, 1, '74330', 1, '2020-12-09 09:48:43', '2020-12-09 09:48:43'),
(311, 1, '31508', 1, '2020-12-09 09:48:44', '2020-12-09 09:48:44'),
(312, 1, '51707', 1, '2020-12-09 09:48:45', '2020-12-09 09:48:45'),
(313, 1, '75314', 1, '2020-12-09 09:48:47', '2020-12-09 09:48:47'),
(314, 1, '37509', 1, '2020-12-09 09:48:48', '2020-12-09 09:48:48'),
(315, 1, '88646', 1, '2020-12-09 09:48:50', '2020-12-09 09:48:50'),
(316, 1, '19190', 1, '2020-12-09 09:48:51', '2020-12-09 09:48:51'),
(317, 1, '59967', 1, '2020-12-09 09:49:49', '2020-12-09 09:49:49'),
(318, 1, '83896', 1, '2020-12-09 09:49:51', '2020-12-09 09:49:51'),
(319, 1, '96076', 1, '2020-12-09 09:49:53', '2020-12-09 09:49:53'),
(320, 1, '29921', 1, '2020-12-09 09:49:56', '2020-12-09 09:49:56'),
(321, 1, '66007', 1, '2020-12-09 09:50:04', '2020-12-09 09:50:04'),
(322, 1, '82188', 1, '2020-12-09 09:50:08', '2020-12-09 09:50:08'),
(323, 1, '14602', 1, '2020-12-09 09:50:11', '2020-12-09 09:50:11'),
(324, 1, '34473', 1, '2020-12-09 09:50:13', '2020-12-09 09:50:13'),
(325, 1, '39754', 1, '2020-12-09 09:50:14', '2020-12-09 09:50:14'),
(326, 1, '34721', 1, '2020-12-09 09:50:16', '2020-12-09 09:50:16'),
(327, 1, '95710', 1, '2020-12-09 09:51:29', '2020-12-09 09:51:29'),
(328, 1, '41390', 1, '2020-12-09 09:51:32', '2020-12-09 09:51:32'),
(329, 1, '20211', 1, '2020-12-09 09:51:46', '2020-12-09 09:51:46'),
(330, 1, '15952', 1, '2020-12-09 09:51:47', '2020-12-09 09:51:47'),
(331, 1, '48823', 1, '2020-12-09 09:51:50', '2020-12-09 09:51:50'),
(332, 1, '23118', 1, '2020-12-09 09:51:51', '2020-12-09 09:51:51'),
(333, 1, '63111', 1, '2020-12-09 09:51:53', '2020-12-09 09:51:53'),
(334, 1, '19286', 1, '2020-12-09 09:51:56', '2020-12-09 09:51:56'),
(335, 1, '40127', 1, '2020-12-09 09:51:58', '2020-12-09 09:51:58'),
(336, 1, '90493', 1, '2020-12-09 09:51:59', '2020-12-09 09:51:59'),
(337, 1, '14544', 1, '2020-12-09 09:52:01', '2020-12-09 09:52:01'),
(338, 1, '23338', 1, '2020-12-09 09:52:02', '2020-12-09 09:52:02'),
(339, 1, '61142', 1, '2020-12-09 09:52:03', '2020-12-09 09:52:03'),
(340, 1, '45334', 1, '2020-12-09 09:52:05', '2020-12-09 09:52:05'),
(341, 1, '56402', 1, '2020-12-09 09:52:07', '2020-12-09 09:52:07'),
(342, 1, '11151', 1, '2020-12-09 09:52:09', '2020-12-09 09:52:09'),
(343, 1, '91766', 1, '2020-12-09 09:52:11', '2020-12-09 09:52:11'),
(344, 1, '60926', 1, '2020-12-09 09:52:13', '2020-12-09 09:52:13'),
(345, 1, '76359', 1, '2020-12-09 09:52:14', '2020-12-09 09:52:14'),
(346, 1, '33350', 1, '2020-12-09 09:52:16', '2020-12-09 09:52:16'),
(347, 1, '98042', 1, '2020-12-09 09:52:18', '2020-12-09 09:52:18'),
(348, 1, '58762', 1, '2020-12-09 09:52:19', '2020-12-09 09:52:19'),
(349, 1, '75744', 1, '2020-12-09 09:52:20', '2020-12-09 09:52:20'),
(350, 1, '20890', 1, '2020-12-09 09:52:22', '2020-12-09 09:52:22'),
(351, 1, '81898', 1, '2020-12-09 09:52:24', '2020-12-09 09:52:24'),
(352, 1, '76419', 1, '2020-12-09 09:52:26', '2020-12-09 09:52:26'),
(353, 1, '54389', 1, '2020-12-09 09:52:28', '2020-12-09 09:52:28'),
(354, 1, '92231', 1, '2020-12-09 09:52:29', '2020-12-09 09:52:29'),
(355, 1, '51522', 1, '2020-12-09 09:52:31', '2020-12-09 09:52:31'),
(356, 1, '81037', 1, '2020-12-09 09:52:32', '2020-12-09 09:52:32'),
(357, 1, '37125', 1, '2020-12-09 09:52:34', '2020-12-09 09:52:34'),
(358, 1, '23254', 1, '2020-12-09 09:52:36', '2020-12-09 09:52:36'),
(359, 1, '35636', 1, '2020-12-09 09:52:54', '2020-12-09 09:52:54'),
(360, 1, '79019', 1, '2020-12-09 09:52:55', '2020-12-09 09:52:55'),
(361, 1, '23960', 1, '2020-12-09 09:52:57', '2020-12-09 09:52:57'),
(362, 1, '90389', 1, '2020-12-09 09:52:58', '2020-12-09 09:52:58'),
(363, 1, '49423', 1, '2020-12-09 09:53:00', '2020-12-09 09:53:00'),
(364, 1, '53699', 1, '2020-12-09 09:53:03', '2020-12-09 09:53:03'),
(365, 1, '33980', 1, '2020-12-09 09:53:04', '2020-12-09 09:53:04'),
(366, 1, '55966', 1, '2020-12-09 09:53:06', '2020-12-09 09:53:06'),
(367, 1, '85039', 1, '2020-12-09 09:53:07', '2020-12-09 09:53:07'),
(368, 1, '99046', 1, '2020-12-09 09:53:09', '2020-12-09 09:53:09'),
(369, 1, '18746', 1, '2020-12-09 09:53:35', '2020-12-09 09:53:35'),
(370, 1, '97447', 1, '2020-12-09 09:53:37', '2020-12-09 09:53:37'),
(371, 1, '66077', 1, '2020-12-09 09:53:39', '2020-12-09 09:53:39'),
(372, 1, '26884', 1, '2020-12-09 09:53:40', '2020-12-09 09:53:40'),
(373, 1, '77965', 1, '2020-12-09 09:53:42', '2020-12-09 09:53:42'),
(374, 1, '70867', 1, '2020-12-09 09:53:43', '2020-12-09 09:53:43'),
(375, 1, '97759', 1, '2020-12-09 09:53:45', '2020-12-09 09:53:45'),
(376, 1, '11208', 1, '2020-12-09 09:53:47', '2020-12-09 09:53:47'),
(377, 1, '13783', 1, '2020-12-09 09:53:49', '2020-12-09 09:53:49'),
(378, 1, '91882', 1, '2020-12-09 09:53:51', '2020-12-09 09:53:51'),
(379, 1, '77034', 1, '2020-12-09 09:53:53', '2020-12-09 09:53:53'),
(380, 1, '68230', 1, '2020-12-09 09:53:55', '2020-12-09 09:53:55'),
(381, 1, '16362', 1, '2020-12-09 09:53:56', '2020-12-09 09:53:56'),
(382, 1, '98870', 1, '2020-12-09 09:53:58', '2020-12-09 09:53:58'),
(383, 1, '16702', 1, '2020-12-09 09:54:00', '2020-12-09 09:54:00'),
(384, 1, '53804', 1, '2020-12-09 09:54:07', '2020-12-09 09:54:07'),
(385, 1, '51869', 1, '2020-12-09 09:54:11', '2020-12-09 09:54:11'),
(386, 1, '57945', 1, '2020-12-09 09:54:12', '2020-12-09 09:54:12'),
(387, 1, '11592', 1, '2020-12-09 09:54:14', '2020-12-09 09:54:14'),
(388, 1, '90870', 1, '2020-12-09 09:54:17', '2020-12-09 09:54:17'),
(389, 1, '27193', 1, '2020-12-09 09:54:18', '2020-12-09 09:54:18'),
(390, 1, '16460', 1, '2020-12-09 09:54:22', '2020-12-09 09:54:22'),
(391, 1, '56719', 1, '2020-12-09 09:54:26', '2020-12-09 09:54:26'),
(392, 1, '69527', 1, '2020-12-09 09:54:28', '2020-12-09 09:54:28'),
(393, 1, '48426', 1, '2020-12-09 09:54:32', '2020-12-09 09:54:32'),
(394, 1, '69668', 1, '2020-12-09 09:54:34', '2020-12-09 09:54:34'),
(395, 1, '49166', 1, '2020-12-09 09:54:35', '2020-12-09 09:54:35'),
(396, 1, '30803', 1, '2020-12-09 09:54:43', '2020-12-09 09:54:43'),
(397, 1, '13794', 1, '2020-12-09 09:54:45', '2020-12-09 09:54:45'),
(398, 1, '89674', 1, '2020-12-09 09:54:47', '2020-12-09 09:54:47'),
(399, 1, '89128', 1, '2020-12-09 09:54:48', '2020-12-09 09:54:48'),
(400, 1, '33290', 1, '2020-12-09 09:54:50', '2020-12-09 09:54:50'),
(401, 1, '33853', 1, '2020-12-09 09:54:52', '2020-12-09 09:54:52'),
(402, 1, '55051', 1, '2020-12-09 09:54:56', '2020-12-09 09:54:56'),
(403, 1, '78918', 1, '2020-12-09 09:54:58', '2020-12-09 09:54:58'),
(404, 1, '65375', 1, '2020-12-09 09:55:00', '2020-12-09 09:55:00'),
(405, 1, '73075', 1, '2020-12-09 09:55:02', '2020-12-09 09:55:02'),
(406, 1, '83245', 1, '2020-12-09 09:55:06', '2020-12-09 09:55:06'),
(407, 1, '76217', 1, '2020-12-09 09:55:07', '2020-12-09 09:55:07'),
(408, 1, '23409', 1, '2020-12-09 09:55:09', '2020-12-09 09:55:09'),
(409, 1, '81347', 1, '2020-12-09 09:55:11', '2020-12-09 09:55:11'),
(410, 1, '39801', 1, '2020-12-09 09:55:14', '2020-12-09 09:55:14'),
(411, 1, '72817', 1, '2020-12-09 09:55:18', '2020-12-09 09:55:18'),
(412, 1, '48986', 1, '2020-12-09 09:55:23', '2020-12-09 09:55:23'),
(413, 1, '84141', 1, '2020-12-09 09:55:28', '2020-12-09 09:55:28'),
(414, 1, '66123', 1, '2020-12-09 09:55:32', '2020-12-09 09:55:32'),
(415, 1, '47867', 1, '2020-12-09 09:55:34', '2020-12-09 09:55:34'),
(416, 1, '99267', 1, '2020-12-09 09:55:39', '2020-12-09 09:55:39'),
(417, 1, '73087', 1, '2020-12-09 09:55:43', '2020-12-09 09:55:43'),
(418, 1, '68560', 1, '2020-12-09 09:55:47', '2020-12-09 09:55:47'),
(419, 1, '27699', 1, '2020-12-09 09:55:51', '2020-12-09 09:55:51'),
(420, 1, '66349', 1, '2020-12-09 09:55:52', '2020-12-09 09:55:52'),
(421, 1, '70771', 1, '2020-12-09 09:55:54', '2020-12-09 09:55:54'),
(422, 1, '78136', 1, '2020-12-09 09:56:00', '2020-12-09 09:56:00'),
(423, 1, '92574', 1, '2020-12-09 09:56:02', '2020-12-09 09:56:02'),
(424, 1, '26503', 1, '2020-12-09 09:56:05', '2020-12-09 09:56:05'),
(425, 1, '26279', 1, '2020-12-09 09:56:08', '2020-12-09 09:56:08'),
(426, 1, '49700', 1, '2020-12-09 09:56:11', '2020-12-09 09:56:11'),
(427, 1, '88328', 1, '2020-12-09 09:56:13', '2020-12-09 09:56:13'),
(428, 1, '81779', 1, '2020-12-09 09:56:16', '2020-12-09 09:56:16'),
(429, 1, '40511', 1, '2020-12-09 09:56:22', '2020-12-09 09:56:22'),
(430, 1, '54289', 1, '2020-12-09 09:56:24', '2020-12-09 09:56:24'),
(431, 1, '81976', 1, '2020-12-09 09:56:48', '2020-12-09 09:56:48'),
(432, 1, '97140', 1, '2020-12-09 09:56:51', '2020-12-09 09:56:51'),
(433, 1, '60770', 1, '2020-12-09 09:56:53', '2020-12-09 09:56:53'),
(434, 1, '15949', 1, '2020-12-09 09:56:56', '2020-12-09 09:56:56'),
(435, 1, '43578', 1, '2020-12-09 09:56:58', '2020-12-09 09:56:58'),
(436, 1, '62229', 1, '2020-12-09 09:57:00', '2020-12-09 09:57:00'),
(437, 1, '71965', 1, '2020-12-09 09:57:03', '2020-12-09 09:57:03'),
(438, 1, '92661', 1, '2020-12-09 09:57:06', '2020-12-09 09:57:06'),
(439, 1, '58552', 1, '2020-12-09 09:57:08', '2020-12-09 09:57:08'),
(440, 1, '19875', 1, '2020-12-09 09:57:12', '2020-12-09 09:57:12'),
(441, 1, '98773', 1, '2020-12-09 09:57:14', '2020-12-09 09:57:14'),
(442, 1, '94791', 1, '2020-12-09 09:57:17', '2020-12-09 09:57:17'),
(443, 1, '83653', 1, '2020-12-09 09:57:22', '2020-12-09 09:57:22'),
(444, 1, '17002', 1, '2020-12-09 09:57:26', '2020-12-09 09:57:26'),
(445, 1, '99575', 1, '2020-12-09 09:57:28', '2020-12-09 09:57:28'),
(446, 1, '61178', 1, '2020-12-09 09:57:31', '2020-12-09 09:57:31'),
(447, 1, '20710', 1, '2020-12-09 09:57:34', '2020-12-09 09:57:34'),
(448, 1, '83109', 1, '2020-12-09 09:57:36', '2020-12-09 09:57:36'),
(449, 1, '18824', 1, '2020-12-09 09:57:39', '2020-12-09 09:57:39'),
(450, 1, '25811', 1, '2020-12-09 09:57:43', '2020-12-09 09:57:43'),
(451, 1, '18637', 1, '2020-12-09 09:57:45', '2020-12-09 09:57:45'),
(452, 1, '83907', 1, '2020-12-09 09:57:47', '2020-12-09 09:57:47'),
(453, 1, '47031', 1, '2020-12-09 09:58:38', '2020-12-09 09:58:38'),
(454, 1, '90191', 1, '2020-12-09 09:58:42', '2020-12-09 09:58:42'),
(455, 1, '31676', 1, '2020-12-09 09:58:44', '2020-12-09 09:58:44'),
(456, 1, '55559', 1, '2020-12-09 09:58:48', '2020-12-09 09:58:48'),
(457, 1, '74764', 1, '2020-12-09 09:58:50', '2020-12-09 09:58:50'),
(458, 1, '82662', 1, '2020-12-09 09:58:53', '2020-12-09 09:58:53'),
(459, 1, '36780', 1, '2020-12-09 09:58:56', '2020-12-09 09:58:56'),
(460, 1, '20469', 1, '2020-12-09 09:58:58', '2020-12-09 09:58:58'),
(461, 1, '30659', 1, '2020-12-09 09:59:00', '2020-12-09 09:59:00'),
(462, 1, '99364', 1, '2020-12-09 09:59:02', '2020-12-09 09:59:02'),
(463, 1, '90879', 1, '2020-12-09 09:59:04', '2020-12-09 09:59:04'),
(464, 1, '90022', 1, '2020-12-09 09:59:10', '2020-12-09 09:59:10'),
(465, 1, '35286', 1, '2020-12-09 09:59:12', '2020-12-09 09:59:12'),
(466, 1, '18556', 1, '2020-12-09 09:59:15', '2020-12-09 09:59:15'),
(467, 1, '60027', 1, '2020-12-09 09:59:17', '2020-12-09 09:59:17'),
(468, 1, '38662', 1, '2020-12-09 09:59:20', '2020-12-09 09:59:20'),
(469, 1, '90469', 1, '2020-12-09 09:59:22', '2020-12-09 09:59:22'),
(470, 1, '58817', 1, '2020-12-09 09:59:24', '2020-12-09 09:59:24'),
(471, 1, '16856', 1, '2020-12-09 09:59:25', '2020-12-09 09:59:25'),
(472, 1, '99438', 1, '2020-12-09 09:59:30', '2020-12-09 09:59:30'),
(473, 1, '50081', 1, '2020-12-09 09:59:37', '2020-12-09 09:59:37'),
(474, 1, '96984', 1, '2020-12-09 09:59:42', '2020-12-09 09:59:42'),
(475, 1, '70227', 1, '2020-12-09 09:59:43', '2020-12-09 09:59:43'),
(476, 1, '86674', 1, '2020-12-09 09:59:45', '2020-12-09 09:59:45'),
(477, 1, '39885', 1, '2020-12-09 09:59:47', '2020-12-09 09:59:47'),
(478, 1, '58114', 1, '2020-12-09 09:59:49', '2020-12-09 09:59:49'),
(479, 1, '77936', 1, '2020-12-09 09:59:51', '2020-12-09 09:59:51'),
(480, 1, '25805', 1, '2020-12-09 09:59:55', '2020-12-09 09:59:55'),
(481, 1, '55428', 1, '2020-12-09 09:59:57', '2020-12-09 09:59:57'),
(482, 1, '81798', 1, '2020-12-09 10:00:00', '2020-12-09 10:00:00'),
(483, 1, '49170', 1, '2020-12-09 10:00:02', '2020-12-09 10:00:02'),
(484, 1, '99818', 1, '2020-12-09 10:00:09', '2020-12-09 10:00:09'),
(485, 1, '70923', 1, '2020-12-09 10:00:12', '2020-12-09 10:00:12'),
(486, 1, '14902', 1, '2020-12-09 10:00:16', '2020-12-09 10:00:16'),
(487, 1, '13672', 1, '2020-12-09 10:00:20', '2020-12-09 10:00:20'),
(488, 1, '61302', 1, '2020-12-09 10:00:22', '2020-12-09 10:00:22'),
(489, 1, '97772', 1, '2020-12-09 10:00:24', '2020-12-09 10:00:24'),
(490, 1, '97151', 1, '2020-12-09 10:00:27', '2020-12-09 10:00:27'),
(491, 1, '63218', 1, '2020-12-09 10:00:29', '2020-12-09 10:00:29'),
(492, 1, '31494', 1, '2020-12-09 10:00:31', '2020-12-09 10:00:31'),
(493, 1, '54366', 1, '2020-12-09 10:00:34', '2020-12-09 10:00:34'),
(494, 1, '42747', 1, '2020-12-09 10:00:36', '2020-12-09 10:00:36'),
(495, 1, '98698', 1, '2020-12-09 10:00:38', '2020-12-09 10:00:38'),
(496, 1, '58024', 1, '2020-12-09 10:00:41', '2020-12-09 10:00:41'),
(497, 1, '58518', 1, '2020-12-09 10:00:44', '2020-12-09 10:00:44'),
(498, 1, '87316', 1, '2020-12-09 10:00:47', '2020-12-09 10:00:47'),
(499, 1, '20099', 1, '2020-12-09 10:00:50', '2020-12-09 10:00:50'),
(500, 1, '86091', 1, '2020-12-09 10:00:52', '2020-12-09 10:00:52'),
(501, 1, '76412', 1, '2020-12-09 10:00:55', '2020-12-09 10:00:55'),
(502, 1, '29263', 1, '2020-12-09 10:00:57', '2020-12-09 10:00:57'),
(503, 1, '24830', 1, '2020-12-09 10:00:59', '2020-12-09 10:00:59'),
(504, 1, '95496', 1, '2020-12-09 10:01:01', '2020-12-09 10:01:01'),
(505, 1, '63663', 1, '2020-12-09 10:01:02', '2020-12-09 10:01:02'),
(506, 1, '45378', 1, '2020-12-09 10:01:04', '2020-12-09 10:01:04'),
(507, 1, '82303', 1, '2020-12-09 10:01:06', '2020-12-09 10:01:06'),
(508, 1, '24723', 1, '2020-12-09 10:01:08', '2020-12-09 10:01:08'),
(509, 1, '65921', 1, '2020-12-09 10:01:09', '2020-12-09 10:01:09'),
(510, 1, '95771', 1, '2020-12-09 10:01:11', '2020-12-09 10:01:11'),
(511, 1, '43575', 1, '2020-12-09 10:01:15', '2020-12-09 10:01:15'),
(512, 1, '45547', 1, '2020-12-09 10:01:21', '2020-12-09 10:01:21'),
(513, 1, '97414', 1, '2020-12-09 10:01:26', '2020-12-09 10:01:26'),
(514, 1, '47223', 1, '2020-12-09 10:01:30', '2020-12-09 10:01:30'),
(515, 1, '48894', 1, '2020-12-09 10:01:32', '2020-12-09 10:01:32'),
(516, 1, '79775', 1, '2020-12-09 10:01:35', '2020-12-09 10:01:35'),
(517, 1, '82325', 1, '2020-12-09 10:01:42', '2020-12-09 10:01:42'),
(518, 1, '54000', 1, '2020-12-09 10:01:43', '2020-12-09 10:01:43'),
(519, 1, '70400', 1, '2020-12-09 10:01:46', '2020-12-09 10:01:46'),
(520, 1, '97043', 1, '2020-12-09 10:01:51', '2020-12-09 10:01:51'),
(521, 1, '28447', 1, '2020-12-09 10:01:54', '2020-12-09 10:01:54'),
(522, 1, '44624', 1, '2020-12-09 10:01:56', '2020-12-09 10:01:56'),
(523, 1, '35501', 1, '2020-12-09 10:02:02', '2020-12-09 10:02:02'),
(524, 1, '71241', 1, '2020-12-09 10:02:03', '2020-12-09 10:02:03'),
(525, 1, '22495', 1, '2020-12-09 10:02:06', '2020-12-09 10:02:06'),
(526, 1, '43239', 1, '2020-12-09 10:02:08', '2020-12-09 10:02:08'),
(527, 1, '57147', 1, '2020-12-09 10:02:16', '2020-12-09 10:02:16'),
(528, 1, '85261', 1, '2020-12-09 10:02:18', '2020-12-09 10:02:18'),
(529, 1, '70956', 1, '2020-12-09 10:02:22', '2020-12-09 10:02:22'),
(530, 1, '59073', 1, '2020-12-09 10:02:26', '2020-12-09 10:02:26'),
(531, 1, '74960', 1, '2020-12-09 10:02:31', '2020-12-09 10:02:31'),
(532, 1, '66883', 1, '2020-12-09 10:02:36', '2020-12-09 10:02:36'),
(533, 1, '70971', 1, '2020-12-09 10:02:39', '2020-12-09 10:02:39'),
(534, 1, '36376', 1, '2020-12-09 10:02:42', '2020-12-09 10:02:42'),
(535, 1, '55161', 1, '2020-12-09 10:02:43', '2020-12-09 10:02:43'),
(536, 1, '82098', 1, '2020-12-09 10:02:45', '2020-12-09 10:02:45'),
(537, 1, '65082', 1, '2020-12-09 10:02:47', '2020-12-09 10:02:47'),
(538, 1, '37470', 1, '2020-12-09 10:02:49', '2020-12-09 10:02:49'),
(539, 1, '30360', 1, '2020-12-09 10:02:51', '2020-12-09 10:02:51'),
(540, 1, '16392', 1, '2020-12-09 10:02:55', '2020-12-09 10:02:55'),
(541, 1, '62350', 1, '2020-12-09 10:02:57', '2020-12-09 10:02:57'),
(542, 1, '27448', 1, '2020-12-09 10:02:59', '2020-12-09 10:02:59'),
(543, 1, '59594', 1, '2020-12-09 10:03:01', '2020-12-09 10:03:01'),
(544, 1, '73925', 1, '2020-12-09 10:03:04', '2020-12-09 10:03:04'),
(545, 1, '72501', 1, '2020-12-09 10:03:05', '2020-12-09 10:03:05'),
(546, 1, '16759', 1, '2020-12-09 10:03:07', '2020-12-09 10:03:07'),
(547, 1, '87667', 1, '2020-12-09 10:03:09', '2020-12-09 10:03:09'),
(548, 1, '23491', 1, '2020-12-09 10:03:10', '2020-12-09 10:03:10'),
(549, 1, '96353', 1, '2020-12-09 10:03:11', '2020-12-09 10:03:11'),
(550, 1, '71486', 1, '2020-12-09 10:03:11', '2020-12-09 10:03:11'),
(551, 1, '47008', 1, '2020-12-09 10:03:12', '2020-12-09 10:03:12'),
(552, 1, '46334', 1, '2020-12-09 10:03:13', '2020-12-09 10:03:13'),
(553, 1, '77212', 1, '2020-12-09 10:03:15', '2020-12-09 10:03:15'),
(554, 1, '29874', 1, '2020-12-09 10:03:16', '2020-12-09 10:03:16'),
(555, 1, '89687', 1, '2020-12-09 10:03:18', '2020-12-09 10:03:18'),
(556, 1, '99923', 1, '2020-12-09 10:03:21', '2020-12-09 10:03:21'),
(557, 1, '72767', 1, '2020-12-09 10:03:24', '2020-12-09 10:03:24'),
(558, 1, '67839', 1, '2020-12-09 10:03:26', '2020-12-09 10:03:26'),
(559, 1, '55064', 1, '2020-12-09 10:03:28', '2020-12-09 10:03:28'),
(560, 1, '86553', 1, '2020-12-09 10:03:31', '2020-12-09 10:03:31'),
(561, 1, '95047', 1, '2020-12-09 10:03:33', '2020-12-09 10:03:33'),
(562, 1, '14748', 1, '2020-12-09 10:03:35', '2020-12-09 10:03:35'),
(563, 1, '80955', 1, '2020-12-09 10:03:37', '2020-12-09 10:03:37'),
(564, 1, '43540', 1, '2020-12-09 10:03:42', '2020-12-09 10:03:42'),
(565, 1, '35606', 1, '2020-12-09 10:03:45', '2020-12-09 10:03:45'),
(566, 1, '31415', 1, '2020-12-09 10:03:47', '2020-12-09 10:03:47'),
(567, 1, '57659', 1, '2020-12-09 10:03:53', '2020-12-09 10:03:53'),
(568, 1, '19725', 1, '2020-12-09 10:03:55', '2020-12-09 10:03:55'),
(569, 1, '61717', 1, '2020-12-09 10:03:57', '2020-12-09 10:03:57'),
(570, 1, '48983', 1, '2020-12-09 10:03:58', '2020-12-09 10:03:58'),
(571, 1, '95244', 1, '2020-12-09 10:04:00', '2020-12-09 10:04:00'),
(572, 1, '18285', 1, '2020-12-09 10:04:02', '2020-12-09 10:04:02'),
(573, 1, '83462', 1, '2020-12-09 10:04:06', '2020-12-09 10:04:06'),
(574, 1, '91401', 1, '2020-12-09 10:04:07', '2020-12-09 10:04:07'),
(575, 1, '37881', 1, '2020-12-09 10:04:09', '2020-12-09 10:04:09'),
(576, 1, '73990', 1, '2020-12-09 10:04:11', '2020-12-09 10:04:11'),
(577, 1, '35545', 1, '2020-12-09 10:04:13', '2020-12-09 10:04:13'),
(578, 1, '48472', 1, '2020-12-09 10:04:15', '2020-12-09 10:04:15'),
(579, 1, '14430', 1, '2020-12-09 10:04:17', '2020-12-09 10:04:17'),
(580, 1, '64076', 1, '2020-12-09 10:04:19', '2020-12-09 10:04:19'),
(581, 1, '81728', 1, '2020-12-09 10:04:20', '2020-12-09 10:04:20'),
(582, 1, '61858', 1, '2020-12-09 10:04:22', '2020-12-09 10:04:22'),
(583, 1, '83155', 1, '2020-12-09 10:04:24', '2020-12-09 10:04:24'),
(584, 1, '20529', 1, '2020-12-09 10:04:27', '2020-12-09 10:04:27'),
(585, 1, '92680', 1, '2020-12-09 10:04:29', '2020-12-09 10:04:29'),
(586, 1, '87062', 1, '2020-12-09 10:04:31', '2020-12-09 10:04:31'),
(587, 1, '69242', 1, '2020-12-09 10:04:35', '2020-12-09 10:04:35'),
(588, 1, '84968', 1, '2020-12-09 10:04:38', '2020-12-09 10:04:38'),
(589, 1, '63883', 1, '2020-12-09 10:04:40', '2020-12-09 10:04:40'),
(590, 1, '40296', 1, '2020-12-09 10:04:43', '2020-12-09 10:04:43'),
(591, 1, '38960', 1, '2020-12-09 10:04:46', '2020-12-09 10:04:46'),
(593, 1, '57715', 1, '2020-12-09 10:04:55', '2020-12-09 10:04:55'),
(594, 1, '11356', 1, '2020-12-09 10:04:57', '2020-12-09 10:04:57'),
(595, 1, '53909', 1, '2020-12-09 10:04:59', '2020-12-09 10:04:59'),
(596, 1, '36708', 1, '2020-12-09 10:05:00', '2020-12-09 10:05:00'),
(597, 1, '88557', 1, '2020-12-09 10:05:04', '2020-12-09 10:05:04'),
(598, 1, '56199', 1, '2020-12-09 10:05:06', '2020-12-09 10:05:06'),
(599, 1, '51706', 1, '2020-12-09 10:05:08', '2020-12-09 10:05:08'),
(600, 1, '68603', 1, '2020-12-09 10:05:09', '2020-12-09 10:05:09'),
(602, 1, '81484', 1, '2020-12-09 10:05:17', '2020-12-09 10:05:17'),
(603, 1, '66396', 1, '2020-12-09 10:05:22', '2020-12-09 10:05:22'),
(604, 1, '51984', 1, '2020-12-09 10:05:26', '2020-12-09 10:05:26'),
(605, 1, '79510', 1, '2020-12-09 10:05:28', '2020-12-09 10:05:28'),
(606, 1, '47316', 1, '2020-12-09 10:05:34', '2020-12-09 10:05:34'),
(607, 1, '65085', 1, '2020-12-09 10:05:40', '2020-12-09 10:05:40'),
(608, 1, '27417', 1, '2020-12-09 10:05:42', '2020-12-09 10:05:42'),
(609, 1, '55958', 1, '2020-12-09 10:05:45', '2020-12-09 10:05:45'),
(610, 1, '42787', 1, '2020-12-09 10:05:47', '2020-12-09 10:05:47'),
(611, 1, '86334', 1, '2020-12-09 10:05:49', '2020-12-09 10:05:49'),
(612, 1, '65882', 1, '2020-12-09 10:05:51', '2020-12-09 10:05:51'),
(613, 1, '29125', 1, '2020-12-09 10:05:53', '2020-12-09 10:05:53'),
(614, 1, '94125', 1, '2020-12-09 10:05:56', '2020-12-09 10:05:56'),
(615, 1, '70619', 1, '2020-12-09 10:05:58', '2020-12-09 10:05:58'),
(616, 1, '25374', 1, '2020-12-09 10:06:02', '2020-12-09 10:06:02'),
(617, 1, '64575', 1, '2020-12-09 10:06:12', '2020-12-09 10:06:12'),
(618, 1, '25910', 1, '2020-12-09 10:06:17', '2020-12-09 10:06:17'),
(619, 1, '76561', 1, '2020-12-09 10:06:19', '2020-12-09 10:06:19'),
(620, 1, '27225', 1, '2020-12-09 10:06:22', '2020-12-09 10:06:22'),
(621, 1, '31769', 1, '2020-12-09 10:06:24', '2020-12-09 10:06:24'),
(622, 1, '50172', 1, '2020-12-09 10:06:28', '2020-12-09 10:06:28'),
(623, 1, '71199', 1, '2020-12-09 10:06:30', '2020-12-09 10:06:30'),
(624, 1, '15389', 1, '2020-12-09 10:06:34', '2020-12-09 10:06:34'),
(625, 1, '62627', 1, '2020-12-09 10:06:36', '2020-12-09 10:06:36'),
(626, 1, '92025', 1, '2020-12-09 10:06:41', '2020-12-09 10:06:41'),
(627, 1, '44449', 1, '2020-12-09 10:06:45', '2020-12-09 10:06:45'),
(628, 1, '53628', 1, '2020-12-09 10:06:47', '2020-12-09 10:06:47'),
(629, 1, '78945', 1, '2020-12-09 10:06:50', '2020-12-09 10:06:50'),
(630, 1, '29375', 1, '2020-12-09 10:06:53', '2020-12-09 10:06:53'),
(631, 1, '95523', 1, '2020-12-09 10:06:56', '2020-12-09 10:06:56'),
(632, 1, '92237', 1, '2020-12-09 10:06:58', '2020-12-09 10:06:58'),
(633, 1, '43525', 1, '2020-12-09 10:07:00', '2020-12-09 10:07:00'),
(634, 1, '81000', 1, '2020-12-09 10:07:04', '2020-12-09 10:07:04'),
(635, 1, '45233', 1, '2020-12-09 10:07:06', '2020-12-09 10:07:06'),
(636, 1, '57615', 1, '2020-12-09 10:07:18', '2020-12-09 10:07:18'),
(637, 1, '61967', 1, '2020-12-09 10:07:23', '2020-12-09 10:07:23'),
(638, 1, '45800', 1, '2020-12-09 10:07:25', '2020-12-09 10:07:25'),
(639, 1, '66009', 1, '2020-12-09 10:07:27', '2020-12-09 10:07:27'),
(640, 1, '94700', 1, '2020-12-09 10:07:30', '2020-12-09 10:07:30'),
(641, 1, '71304', 1, '2020-12-09 10:07:33', '2020-12-09 10:07:33'),
(642, 1, '13055', 1, '2020-12-09 10:07:35', '2020-12-09 10:07:35'),
(643, 1, '82327', 1, '2020-12-09 10:07:37', '2020-12-09 10:07:37'),
(644, 1, '11961', 1, '2020-12-09 10:07:41', '2020-12-09 10:07:41'),
(645, 1, '36335', 1, '2020-12-09 10:07:46', '2020-12-09 10:07:46'),
(646, 1, '47006', 1, '2020-12-09 10:07:49', '2020-12-09 10:07:49'),
(647, 1, '33825', 1, '2020-12-09 10:07:53', '2020-12-09 10:07:53'),
(648, 1, '55218', 1, '2020-12-09 10:07:55', '2020-12-09 10:07:55'),
(649, 1, '56333', 1, '2020-12-09 10:07:58', '2020-12-09 10:07:58'),
(650, 1, '56813', 1, '2020-12-09 10:08:28', '2020-12-09 10:08:28'),
(651, 1, '71346', 1, '2020-12-09 10:08:30', '2020-12-09 10:08:30'),
(652, 1, '99959', 1, '2020-12-09 10:08:33', '2020-12-09 10:08:33'),
(653, 1, '68917', 1, '2020-12-09 10:08:35', '2020-12-09 10:08:35'),
(654, 1, '33745', 1, '2020-12-09 10:08:37', '2020-12-09 10:08:37'),
(655, 1, '22797', 1, '2020-12-09 10:08:39', '2020-12-09 10:08:39'),
(656, 1, '42270', 1, '2020-12-09 10:08:41', '2020-12-09 10:08:41'),
(657, 1, '13014', 1, '2020-12-09 10:08:42', '2020-12-09 10:08:42'),
(658, 1, '75993', 1, '2020-12-09 10:08:45', '2020-12-09 10:08:45'),
(659, 1, '87748', 1, '2020-12-09 10:08:48', '2020-12-09 10:08:48'),
(660, 1, '31947', 1, '2020-12-09 10:08:51', '2020-12-09 10:08:51'),
(661, 1, '40872', 1, '2020-12-09 10:08:58', '2020-12-09 10:08:58'),
(662, 1, '78762', 1, '2020-12-09 10:09:00', '2020-12-09 10:09:00'),
(663, 1, '88589', 1, '2020-12-09 10:09:02', '2020-12-09 10:09:02'),
(664, 1, '42380', 1, '2020-12-09 10:09:05', '2020-12-09 10:09:05'),
(665, 1, '35370', 1, '2020-12-09 10:11:06', '2020-12-09 10:11:06'),
(666, 1, '60108', 1, '2020-12-09 10:11:07', '2020-12-09 10:11:07'),
(667, 1, '57976', 1, '2020-12-09 10:11:10', '2020-12-09 10:11:10'),
(668, 1, '16411', 1, '2020-12-09 10:11:11', '2020-12-09 10:11:11'),
(669, 1, '78260', 1, '2020-12-09 10:11:13', '2020-12-09 10:11:13'),
(670, 1, '96729', 1, '2020-12-09 10:11:16', '2020-12-09 10:11:16'),
(671, 1, '47360', 1, '2020-12-09 10:11:18', '2020-12-09 10:11:18'),
(672, 1, '94357', 1, '2020-12-09 10:11:21', '2020-12-09 10:11:21'),
(673, 1, '12533', 1, '2020-12-09 10:11:24', '2020-12-09 10:11:24'),
(674, 1, '63913', 1, '2020-12-09 10:11:27', '2020-12-09 10:11:27'),
(675, 1, '92390', 1, '2020-12-09 10:11:30', '2020-12-09 10:11:30'),
(677, 1, '15694', 1, '2020-12-09 10:11:39', '2020-12-09 10:11:39'),
(678, 1, '14687', 1, '2020-12-09 10:11:41', '2020-12-09 10:11:41'),
(679, 1, '24003', 1, '2020-12-09 10:11:42', '2020-12-09 10:11:42'),
(680, 1, '10524', 1, '2020-12-09 10:11:45', '2020-12-09 10:11:45'),
(681, 1, '67181', 1, '2020-12-09 10:11:47', '2020-12-09 10:11:47'),
(682, 1, '57221', 1, '2020-12-09 10:11:49', '2020-12-09 10:11:49'),
(683, 1, '89602', 1, '2020-12-09 10:11:53', '2020-12-09 10:11:53'),
(684, 1, '68031', 1, '2020-12-09 10:11:56', '2020-12-09 10:11:56'),
(685, 1, '30197', 1, '2020-12-09 10:11:59', '2020-12-09 10:11:59'),
(686, 1, '80831', 1, '2020-12-09 10:12:01', '2020-12-09 10:12:01'),
(687, 1, '11958', 1, '2020-12-09 10:12:02', '2020-12-09 10:12:02'),
(688, 1, '39561', 1, '2020-12-09 10:12:04', '2020-12-09 10:12:04'),
(689, 1, '16517', 1, '2020-12-09 10:12:06', '2020-12-09 10:12:06'),
(690, 1, '58413', 1, '2020-12-09 10:12:09', '2020-12-09 10:12:09'),
(691, 1, '94212', 1, '2020-12-09 10:12:21', '2020-12-09 10:12:21'),
(692, 1, '24076', 1, '2020-12-09 10:12:26', '2020-12-09 10:12:26'),
(693, 1, '29622', 1, '2020-12-09 10:12:28', '2020-12-09 10:12:28'),
(694, 1, '68630', 1, '2020-12-09 10:12:30', '2020-12-09 10:12:30'),
(695, 1, '61667', 1, '2020-12-09 10:12:33', '2020-12-09 10:12:33'),
(696, 1, '49285', 1, '2020-12-09 10:12:36', '2020-12-09 10:12:36'),
(697, 1, '55370', 1, '2020-12-09 10:12:38', '2020-12-09 10:12:38'),
(698, 1, '72568', 1, '2020-12-09 10:12:40', '2020-12-09 10:12:40'),
(699, 1, '80687', 1, '2020-12-09 10:12:43', '2020-12-09 10:12:43'),
(700, 1, '19492', 1, '2020-12-09 10:12:45', '2020-12-09 10:12:45'),
(701, 1, '27776', 1, '2020-12-09 10:12:47', '2020-12-09 10:12:47'),
(702, 1, '72388', 1, '2020-12-09 10:12:50', '2020-12-09 10:12:50'),
(703, 1, '68076', 1, '2020-12-09 10:12:54', '2020-12-09 10:12:54'),
(704, 1, '77301', 1, '2020-12-09 10:12:57', '2020-12-09 10:12:57'),
(705, 1, '42102', 1, '2020-12-09 10:13:00', '2020-12-09 10:13:00'),
(706, 1, '92852', 1, '2020-12-09 10:13:03', '2020-12-09 10:13:03'),
(707, 1, '73198', 1, '2020-12-09 10:13:15', '2020-12-09 10:13:15'),
(708, 1, '77976', 1, '2020-12-09 10:13:17', '2020-12-09 10:13:17'),
(709, 1, '66020', 1, '2020-12-09 10:13:21', '2020-12-09 10:13:21'),
(710, 1, '21830', 1, '2020-12-09 10:13:32', '2020-12-09 10:13:32'),
(711, 1, '10429', 1, '2020-12-09 10:13:37', '2020-12-09 10:13:37'),
(712, 1, '65510', 1, '2020-12-09 10:13:39', '2020-12-09 10:13:39'),
(713, 1, '41481', 1, '2020-12-09 10:13:41', '2020-12-09 10:13:41'),
(714, 1, '79895', 1, '2020-12-09 10:13:43', '2020-12-09 10:13:43'),
(715, 1, '11806', 1, '2020-12-09 10:13:45', '2020-12-09 10:13:45'),
(716, 1, '81790', 1, '2020-12-09 10:13:48', '2020-12-09 10:13:48'),
(717, 1, '44020', 1, '2020-12-09 10:13:50', '2020-12-09 10:13:50'),
(718, 1, '87541', 1, '2020-12-09 10:13:52', '2020-12-09 10:13:52'),
(719, 1, '95049', 1, '2020-12-09 10:13:54', '2020-12-09 10:13:54'),
(720, 1, '12963', 1, '2020-12-09 10:13:56', '2020-12-09 10:13:56'),
(721, 1, '33020', 1, '2020-12-09 10:13:59', '2020-12-09 10:13:59'),
(722, 1, '63341', 1, '2020-12-09 10:14:04', '2020-12-09 10:14:04'),
(723, 1, '52450', 1, '2020-12-09 10:14:06', '2020-12-09 10:14:06'),
(724, 1, '54728', 1, '2020-12-09 10:14:10', '2020-12-09 10:14:10'),
(725, 1, '90535', 1, '2020-12-09 10:14:13', '2020-12-09 10:14:13'),
(726, 1, '43999', 1, '2020-12-09 10:14:15', '2020-12-09 10:14:15'),
(727, 1, '76753', 1, '2020-12-09 10:14:18', '2020-12-09 10:14:18'),
(728, 1, '10756', 1, '2020-12-09 10:14:20', '2020-12-09 10:14:20'),
(729, 1, '73260', 1, '2020-12-09 10:14:23', '2020-12-09 10:14:23'),
(730, 1, '15630', 1, '2020-12-09 10:14:26', '2020-12-09 10:14:26'),
(731, 1, '92053', 1, '2020-12-09 10:14:28', '2020-12-09 10:14:28'),
(732, 1, '16527', 1, '2020-12-09 10:14:32', '2020-12-09 10:14:32'),
(733, 1, '84032', 1, '2020-12-09 10:14:34', '2020-12-09 10:14:34'),
(734, 1, '97274', 1, '2020-12-09 10:14:36', '2020-12-09 10:14:36'),
(735, 1, '49863', 1, '2020-12-09 10:14:40', '2020-12-09 10:14:40'),
(736, 1, '60933', 1, '2020-12-09 10:14:42', '2020-12-09 10:14:42'),
(737, 1, '50062', 1, '2020-12-09 10:14:45', '2020-12-09 10:14:45'),
(738, 1, '13353', 1, '2020-12-09 10:14:49', '2020-12-09 10:14:49'),
(739, 1, '36697', 1, '2020-12-09 10:14:52', '2020-12-09 10:14:52'),
(740, 1, '63827', 1, '2020-12-09 10:14:55', '2020-12-09 10:14:55'),
(741, 1, '13246', 1, '2020-12-09 10:14:57', '2020-12-09 10:14:57'),
(742, 1, '16253', 1, '2020-12-09 10:15:00', '2020-12-09 10:15:00'),
(743, 1, '27591', 1, '2020-12-09 10:15:01', '2020-12-09 10:15:01'),
(744, 1, '48605', 1, '2020-12-09 10:15:03', '2020-12-09 10:15:03'),
(745, 1, '81259', 1, '2020-12-09 10:15:06', '2020-12-09 10:15:06'),
(746, 1, '75349', 1, '2020-12-09 10:15:09', '2020-12-09 10:15:09'),
(747, 1, '41754', 1, '2020-12-09 10:15:11', '2020-12-09 10:15:11'),
(748, 1, '21115', 1, '2020-12-09 10:15:13', '2020-12-09 10:15:13'),
(749, 1, '42956', 1, '2020-12-09 10:15:15', '2020-12-09 10:15:15'),
(750, 1, '74671', 1, '2020-12-09 10:15:18', '2020-12-09 10:15:18'),
(751, 1, '39757', 1, '2020-12-09 10:23:22', '2020-12-09 10:23:22'),
(752, 1, '94098', 1, '2020-12-09 10:23:26', '2020-12-09 10:23:26'),
(753, 1, '70182', 1, '2020-12-09 10:23:28', '2020-12-09 10:23:28'),
(754, 1, '72430', 1, '2020-12-09 10:23:33', '2020-12-09 10:23:33'),
(755, 1, '94529', 1, '2020-12-09 10:23:35', '2020-12-09 10:23:35'),
(756, 1, '81691', 1, '2020-12-09 10:23:38', '2020-12-09 10:23:38'),
(757, 1, '32582', 1, '2020-12-09 10:23:41', '2020-12-09 10:23:41'),
(758, 1, '71214', 1, '2020-12-09 10:23:44', '2020-12-09 10:23:44'),
(759, 1, '86947', 1, '2020-12-09 10:23:46', '2020-12-09 10:23:46'),
(760, 1, '29417', 1, '2020-12-09 10:23:50', '2020-12-09 10:23:50');
INSERT INTO `pascodes` (`id`, `user_id`, `pascode`, `status`, `created_at`, `updated_at`) VALUES
(761, 1, '95077', 1, '2020-12-09 10:23:52', '2020-12-09 10:23:52'),
(762, 1, '84730', 1, '2020-12-09 10:23:54', '2020-12-09 10:23:54'),
(763, 1, '33983', 1, '2020-12-09 10:23:57', '2020-12-09 10:23:57'),
(764, 1, '15932', 1, '2020-12-09 10:24:00', '2020-12-09 10:24:00'),
(765, 1, '36059', 1, '2020-12-09 10:24:04', '2020-12-09 10:24:04'),
(766, 1, '16002', 1, '2020-12-09 10:24:08', '2020-12-09 10:24:08'),
(767, 1, '97566', 1, '2020-12-09 10:24:12', '2020-12-09 10:24:12'),
(768, 1, '99400', 1, '2020-12-09 10:24:15', '2020-12-09 10:24:15'),
(769, 1, '69303', 1, '2020-12-09 10:24:17', '2020-12-09 10:24:17'),
(770, 1, '10661', 1, '2020-12-09 10:24:20', '2020-12-09 10:24:20'),
(771, 1, '79755', 1, '2020-12-09 10:24:23', '2020-12-09 10:24:23'),
(773, 1, '29529', 1, '2020-12-09 10:24:30', '2020-12-09 10:24:30'),
(774, 1, '67085', 1, '2020-12-09 10:24:32', '2020-12-09 10:24:32'),
(775, 1, '49297', 1, '2020-12-09 10:24:44', '2020-12-09 10:24:44'),
(776, 1, '77898', 1, '2020-12-09 10:24:47', '2020-12-09 10:24:47'),
(777, 1, '70750', 1, '2020-12-09 10:24:49', '2020-12-09 10:24:49'),
(778, 1, '55970', 1, '2020-12-09 10:24:53', '2020-12-09 10:24:53'),
(779, 1, '42108', 1, '2020-12-09 10:25:02', '2020-12-09 10:25:02'),
(780, 1, '57905', 1, '2020-12-09 10:25:05', '2020-12-09 10:25:05'),
(781, 1, '20212', 1, '2020-12-09 10:25:08', '2020-12-09 10:25:08'),
(782, 1, '33048', 1, '2020-12-09 10:25:12', '2020-12-09 10:25:12'),
(783, 1, '64802', 1, '2020-12-09 10:25:15', '2020-12-09 10:25:15'),
(784, 1, '62396', 1, '2020-12-09 10:25:18', '2020-12-09 10:25:18'),
(785, 1, '83305', 1, '2020-12-09 10:25:21', '2020-12-09 10:25:21'),
(786, 1, '32188', 1, '2020-12-09 10:25:24', '2020-12-09 10:25:24'),
(787, 1, '82217', 1, '2020-12-09 10:25:26', '2020-12-09 10:25:26'),
(788, 1, '83344', 1, '2020-12-09 10:25:29', '2020-12-09 10:25:29'),
(789, 1, '34670', 1, '2020-12-09 10:25:31', '2020-12-09 10:25:31'),
(790, 1, '55241', 1, '2020-12-09 10:25:34', '2020-12-09 10:25:34'),
(791, 1, '14497', 1, '2020-12-09 10:25:37', '2020-12-09 10:25:37'),
(792, 1, '34829', 1, '2020-12-09 10:25:40', '2020-12-09 10:25:40'),
(793, 1, '27389', 1, '2020-12-09 10:25:44', '2020-12-09 10:25:44'),
(794, 1, '43084', 1, '2020-12-09 10:25:47', '2020-12-09 10:25:47'),
(795, 1, '17319', 1, '2020-12-09 10:25:51', '2020-12-09 10:25:51'),
(796, 1, '31549', 1, '2020-12-09 10:25:56', '2020-12-09 10:25:56'),
(797, 1, '71044', 1, '2020-12-09 10:25:58', '2020-12-09 10:25:58'),
(798, 1, '55964', 1, '2020-12-09 10:26:03', '2020-12-09 10:26:03'),
(799, 1, '76343', 1, '2020-12-09 10:26:06', '2020-12-09 10:26:06'),
(800, 1, '14231', 1, '2020-12-09 10:26:10', '2020-12-09 10:26:10'),
(801, 1, '93712', 1, '2020-12-09 10:26:15', '2020-12-09 10:26:15'),
(802, 1, '21243', 1, '2020-12-09 10:26:18', '2020-12-09 10:26:18'),
(803, 1, '41534', 1, '2020-12-09 10:26:23', '2020-12-09 10:26:23'),
(804, 1, '76435', 1, '2020-12-09 10:26:27', '2020-12-09 10:26:27'),
(805, 1, '47930', 1, '2020-12-09 10:26:32', '2020-12-09 10:26:32'),
(806, 1, '18705', 1, '2020-12-09 10:26:34', '2020-12-09 10:26:34'),
(807, 1, '96428', 1, '2020-12-09 10:26:38', '2020-12-09 10:26:38'),
(808, 1, '48407', 1, '2020-12-09 10:26:43', '2020-12-09 10:26:43'),
(809, 1, '80209', 1, '2020-12-09 10:26:46', '2020-12-09 10:26:46'),
(810, 1, '29962', 1, '2020-12-09 10:26:50', '2020-12-09 10:26:50'),
(811, 1, '45889', 1, '2020-12-09 10:26:52', '2020-12-09 10:26:52'),
(812, 1, '23662', 1, '2020-12-09 10:26:55', '2020-12-09 10:26:55'),
(813, 1, '53410', 1, '2020-12-09 10:26:58', '2020-12-09 10:26:58'),
(814, 1, '71472', 1, '2020-12-09 10:27:02', '2020-12-09 10:27:02'),
(815, 1, '92993', 1, '2020-12-09 10:27:04', '2020-12-09 10:27:04'),
(816, 1, '73397', 1, '2020-12-09 10:27:07', '2020-12-09 10:27:07'),
(817, 1, '14764', 1, '2020-12-09 10:27:09', '2020-12-09 10:27:09'),
(818, 1, '57101', 1, '2020-12-09 10:27:12', '2020-12-09 10:27:12'),
(819, 1, '84185', 1, '2020-12-09 10:27:16', '2020-12-09 10:27:16'),
(820, 1, '43173', 1, '2020-12-09 10:27:23', '2020-12-09 10:27:23'),
(821, 1, '42433', 1, '2020-12-09 10:27:38', '2020-12-09 10:27:38'),
(822, 1, '60344', 1, '2020-12-09 10:27:40', '2020-12-09 10:27:40'),
(823, 1, '47616', 1, '2020-12-09 10:27:43', '2020-12-09 10:27:43'),
(824, 1, '15633', 1, '2020-12-09 10:27:45', '2020-12-09 10:27:45'),
(825, 1, '99227', 1, '2020-12-09 10:27:47', '2020-12-09 10:27:47'),
(826, 1, '59283', 1, '2020-12-09 10:27:50', '2020-12-09 10:27:50'),
(827, 1, '98816', 1, '2020-12-09 10:27:54', '2020-12-09 10:27:54'),
(828, 1, '23761', 1, '2020-12-09 10:27:57', '2020-12-09 10:27:57'),
(829, 1, '68877', 1, '2020-12-09 10:28:02', '2020-12-09 10:28:02'),
(830, 1, '95086', 1, '2020-12-09 10:28:05', '2020-12-09 10:28:05'),
(831, 1, '80440', 1, '2020-12-09 10:28:15', '2020-12-09 10:28:15'),
(832, 1, '92440', 1, '2020-12-09 10:28:18', '2020-12-09 10:28:18'),
(833, 1, '79102', 1, '2020-12-09 10:28:22', '2020-12-09 10:28:22'),
(834, 1, '69163', 1, '2020-12-09 10:28:26', '2020-12-09 10:28:26'),
(835, 1, '81017', 1, '2020-12-09 10:28:28', '2020-12-09 10:28:28'),
(836, 1, '75668', 1, '2020-12-09 10:28:32', '2020-12-09 10:28:32'),
(837, 1, '72646', 1, '2020-12-09 10:28:35', '2020-12-09 10:28:35'),
(838, 1, '91608', 1, '2020-12-09 10:28:39', '2020-12-09 10:28:39'),
(839, 1, '38157', 1, '2020-12-09 10:28:52', '2020-12-09 10:28:52'),
(840, 1, '47140', 1, '2020-12-09 10:28:55', '2020-12-09 10:28:55'),
(841, 1, '85365', 1, '2020-12-09 10:28:57', '2020-12-09 10:28:57'),
(842, 1, '27867', 1, '2020-12-09 10:28:59', '2020-12-09 10:28:59'),
(843, 1, '45374', 1, '2020-12-09 10:29:01', '2020-12-09 10:29:01'),
(844, 1, '53562', 1, '2020-12-09 10:29:04', '2020-12-09 10:29:04'),
(845, 1, '83685', 1, '2020-12-09 10:29:07', '2020-12-09 10:29:07'),
(846, 1, '39839', 1, '2020-12-09 10:29:10', '2020-12-09 10:29:10'),
(847, 1, '47782', 1, '2020-12-09 10:29:14', '2020-12-09 10:29:14'),
(848, 1, '37810', 1, '2020-12-09 10:29:16', '2020-12-09 10:29:16'),
(849, 1, '31934', 1, '2020-12-09 10:29:19', '2020-12-09 10:29:19'),
(850, 1, '26914', 1, '2020-12-09 10:29:23', '2020-12-09 10:29:23'),
(851, 1, '95663', 1, '2020-12-09 10:29:28', '2020-12-09 10:29:28'),
(852, 1, '91854', 1, '2020-12-09 10:29:33', '2020-12-09 10:29:33'),
(853, 1, '82175', 1, '2020-12-09 10:29:38', '2020-12-09 10:29:38'),
(854, 1, '18892', 1, '2020-12-09 10:29:40', '2020-12-09 10:29:40'),
(855, 1, '36559', 1, '2020-12-09 10:29:46', '2020-12-09 10:29:46'),
(856, 1, '49368', 1, '2020-12-09 10:29:48', '2020-12-09 10:29:48'),
(857, 1, '82516', 1, '2020-12-09 10:29:50', '2020-12-09 10:29:50'),
(858, 1, '12827', 1, '2020-12-09 10:29:53', '2020-12-09 10:29:53'),
(859, 1, '26119', 1, '2020-12-09 10:29:55', '2020-12-09 10:29:55'),
(860, 1, '80874', 1, '2020-12-09 10:30:06', '2020-12-09 10:30:06'),
(861, 1, '98604', 1, '2020-12-09 10:30:08', '2020-12-09 10:30:08'),
(862, 1, '71573', 1, '2020-12-09 10:30:10', '2020-12-09 10:30:10'),
(863, 1, '53796', 1, '2020-12-09 10:30:30', '2020-12-09 10:30:30'),
(864, 1, '63458', 1, '2020-12-09 10:30:32', '2020-12-09 10:30:32'),
(865, 1, '87386', 1, '2020-12-09 10:30:34', '2020-12-09 10:30:34'),
(866, 1, '78448', 1, '2020-12-09 10:30:40', '2020-12-09 10:30:40'),
(867, 1, '73596', 1, '2020-12-09 10:30:44', '2020-12-09 10:30:44'),
(868, 1, '27289', 1, '2020-12-09 10:30:51', '2020-12-09 10:30:51'),
(869, 1, '54654', 1, '2020-12-09 10:30:54', '2020-12-09 10:30:54'),
(870, 1, '33829', 1, '2020-12-09 10:30:57', '2020-12-09 10:30:57'),
(871, 1, '88936', 1, '2020-12-09 10:31:01', '2020-12-09 10:31:01'),
(872, 1, '46011', 1, '2020-12-09 10:31:04', '2020-12-09 10:31:04'),
(873, 1, '45983', 1, '2020-12-09 10:31:07', '2020-12-09 10:31:07'),
(874, 1, '32214', 1, '2020-12-09 10:31:09', '2020-12-09 10:31:09'),
(875, 1, '90730', 1, '2020-12-09 10:31:15', '2020-12-09 10:31:15'),
(876, 1, '88746', 1, '2020-12-09 10:31:18', '2020-12-09 10:31:18'),
(877, 1, '83463', 1, '2020-12-09 10:31:20', '2020-12-09 10:31:20'),
(878, 1, '50858', 1, '2020-12-09 10:31:27', '2020-12-09 10:31:27'),
(879, 1, '68510', 1, '2020-12-09 10:31:31', '2020-12-09 10:31:31'),
(880, 1, '13158', 1, '2020-12-09 10:31:33', '2020-12-09 10:31:33'),
(881, 1, '79476', 1, '2020-12-09 10:31:38', '2020-12-09 10:31:38'),
(882, 1, '58318', 1, '2020-12-09 10:31:40', '2020-12-09 10:31:40'),
(883, 1, '66342', 1, '2020-12-09 10:31:46', '2020-12-09 10:31:46'),
(884, 1, '67760', 1, '2020-12-09 10:32:13', '2020-12-09 10:32:13'),
(885, 1, '57010', 1, '2020-12-09 10:33:17', '2020-12-09 10:33:17'),
(886, 1, '84481', 1, '2020-12-09 10:33:20', '2020-12-09 10:33:20'),
(887, 1, '56283', 1, '2020-12-09 10:33:22', '2020-12-09 10:33:22'),
(888, 1, '96480', 1, '2020-12-09 10:33:25', '2020-12-09 10:33:25'),
(889, 1, '84441', 1, '2020-12-09 10:33:29', '2020-12-09 10:33:29'),
(890, 1, '25882', 1, '2020-12-09 10:33:32', '2020-12-09 10:33:32'),
(891, 1, '11414', 1, '2020-12-09 10:33:36', '2020-12-09 10:33:36'),
(892, 1, '21603', 1, '2020-12-09 10:33:40', '2020-12-09 10:33:40'),
(893, 1, '54775', 1, '2020-12-09 10:33:43', '2020-12-09 10:33:43'),
(894, 1, '56964', 1, '2020-12-09 10:33:47', '2020-12-09 10:33:47'),
(895, 1, '74756', 1, '2020-12-09 10:33:50', '2020-12-09 10:33:50'),
(896, 1, '48117', 1, '2020-12-09 10:33:53', '2020-12-09 10:33:53'),
(897, 1, '41243', 1, '2020-12-09 10:33:56', '2020-12-09 10:33:56'),
(898, 1, '53897', 1, '2020-12-09 10:34:00', '2020-12-09 10:34:00'),
(899, 1, '44528', 1, '2020-12-09 10:34:02', '2020-12-09 10:34:02'),
(900, 1, '40336', 1, '2020-12-09 10:34:05', '2020-12-09 10:34:05'),
(901, 1, '50900', 1, '2020-12-09 10:34:08', '2020-12-09 10:34:08'),
(902, 1, '24462', 1, '2020-12-09 10:34:11', '2020-12-09 10:34:11'),
(903, 1, '27364', 1, '2020-12-09 10:34:13', '2020-12-09 10:34:13'),
(904, 1, '68492', 1, '2020-12-09 10:34:26', '2020-12-09 10:34:26'),
(905, 1, '48332', 1, '2020-12-09 10:34:30', '2020-12-09 10:34:30'),
(906, 1, '54203', 1, '2020-12-09 10:34:32', '2020-12-09 10:34:32'),
(907, 1, '33035', 1, '2020-12-09 10:34:35', '2020-12-09 10:34:35'),
(908, 1, '51728', 1, '2020-12-09 10:34:37', '2020-12-09 10:34:37'),
(909, 1, '58352', 1, '2020-12-09 10:34:41', '2020-12-09 10:34:41'),
(910, 1, '77780', 1, '2020-12-09 10:34:44', '2020-12-09 10:34:44'),
(911, 1, '64415', 1, '2020-12-09 10:34:46', '2020-12-09 10:34:46'),
(912, 1, '90938', 1, '2020-12-09 10:34:48', '2020-12-09 10:34:48'),
(913, 1, '49184', 1, '2020-12-09 10:34:52', '2020-12-09 10:34:52'),
(914, 1, '84781', 1, '2020-12-09 10:34:55', '2020-12-09 10:34:55'),
(915, 1, '29692', 1, '2020-12-09 10:34:58', '2020-12-09 10:34:58'),
(916, 1, '29364', 1, '2020-12-09 10:35:01', '2020-12-09 10:35:01'),
(917, 1, '50861', 1, '2020-12-09 10:35:03', '2020-12-09 10:35:03'),
(918, 1, '25955', 1, '2020-12-09 10:35:05', '2020-12-09 10:35:05'),
(919, 1, '84895', 1, '2020-12-09 10:35:09', '2020-12-09 10:35:09'),
(920, 1, '30166', 1, '2020-12-09 10:35:11', '2020-12-09 10:35:11'),
(921, 1, '52537', 1, '2020-12-09 10:35:14', '2020-12-09 10:35:14'),
(922, 1, '96912', 1, '2020-12-09 10:35:17', '2020-12-09 10:35:17'),
(923, 1, '47351', 1, '2020-12-09 10:35:23', '2020-12-09 10:35:23'),
(924, 1, '12430', 1, '2020-12-09 10:35:24', '2020-12-09 10:35:24'),
(925, 1, '91559', 1, '2020-12-09 10:35:26', '2020-12-09 10:35:26'),
(926, 1, '80788', 1, '2020-12-09 10:35:29', '2020-12-09 10:35:29'),
(927, 1, '88128', 1, '2020-12-09 10:35:31', '2020-12-09 10:35:31'),
(928, 1, '32378', 1, '2020-12-09 10:35:34', '2020-12-09 10:35:34'),
(929, 1, '26403', 1, '2020-12-09 10:35:36', '2020-12-09 10:35:36'),
(930, 1, '46663', 1, '2020-12-09 10:35:39', '2020-12-09 10:35:39'),
(931, 1, '38150', 1, '2020-12-09 10:35:41', '2020-12-09 10:35:41'),
(932, 1, '52654', 1, '2020-12-09 10:35:46', '2020-12-09 10:35:46'),
(933, 1, '56287', 1, '2020-12-09 10:35:49', '2020-12-09 10:35:49'),
(934, 1, '41061', 1, '2020-12-09 10:35:52', '2020-12-09 10:35:52'),
(935, 1, '73898', 1, '2020-12-09 10:35:54', '2020-12-09 10:35:54'),
(936, 1, '23973', 1, '2020-12-09 10:35:56', '2020-12-09 10:35:56'),
(937, 1, '33622', 1, '2020-12-09 10:36:00', '2020-12-09 10:36:00'),
(938, 1, '83863', 1, '2020-12-09 10:36:03', '2020-12-09 10:36:03'),
(939, 1, '89738', 1, '2020-12-09 10:36:06', '2020-12-09 10:36:06'),
(940, 1, '45120', 1, '2020-12-09 10:36:14', '2020-12-09 10:36:14'),
(941, 1, '55022', 1, '2020-12-09 10:36:17', '2020-12-09 10:36:17'),
(942, 1, '32168', 1, '2020-12-09 10:36:19', '2020-12-09 10:36:19'),
(943, 1, '58893', 1, '2020-12-09 10:36:22', '2020-12-09 10:36:22'),
(944, 1, '79684', 1, '2020-12-09 10:36:26', '2020-12-09 10:36:26'),
(945, 1, '41040', 1, '2020-12-09 10:36:29', '2020-12-09 10:36:29'),
(946, 1, '29349', 1, '2020-12-09 10:36:32', '2020-12-09 10:36:32'),
(947, 1, '62464', 1, '2020-12-09 10:36:35', '2020-12-09 10:36:35'),
(948, 1, '78353', 1, '2020-12-09 10:36:38', '2020-12-09 10:36:38'),
(949, 1, '77847', 1, '2020-12-09 10:36:41', '2020-12-09 10:36:41'),
(950, 1, '48570', 1, '2020-12-09 10:36:44', '2020-12-09 10:36:44'),
(951, 1, '98512', 1, '2020-12-09 10:36:46', '2020-12-09 10:36:46'),
(952, 1, '81727', 1, '2020-12-09 10:36:49', '2020-12-09 10:36:49'),
(953, 1, '95589', 1, '2020-12-09 10:36:51', '2020-12-09 10:36:51'),
(954, 1, '30052', 1, '2020-12-09 10:36:54', '2020-12-09 10:36:54'),
(955, 1, '29561', 1, '2020-12-09 10:36:56', '2020-12-09 10:36:56'),
(956, 1, '55833', 1, '2020-12-09 10:36:59', '2020-12-09 10:36:59'),
(957, 1, '73143', 1, '2020-12-09 10:38:26', '2020-12-09 10:38:26'),
(958, 1, '13342', 1, '2020-12-09 10:38:28', '2020-12-09 10:38:28'),
(959, 1, '58406', 1, '2020-12-09 10:38:30', '2020-12-09 10:38:30'),
(960, 1, '66371', 1, '2020-12-09 10:38:33', '2020-12-09 10:38:33'),
(961, 1, '25524', 1, '2020-12-09 10:38:35', '2020-12-09 10:38:35'),
(962, 1, '84966', 1, '2020-12-09 10:38:39', '2020-12-09 10:38:39'),
(963, 1, '81313', 1, '2020-12-09 10:38:43', '2020-12-09 10:38:43'),
(964, 1, '71678', 1, '2020-12-09 10:38:45', '2020-12-09 10:38:45'),
(965, 1, '12678', 1, '2020-12-09 10:38:47', '2020-12-09 10:38:47'),
(966, 1, '67006', 1, '2020-12-09 10:38:50', '2020-12-09 10:38:50'),
(967, 1, '36087', 1, '2020-12-09 10:38:54', '2020-12-09 10:38:54'),
(968, 1, '65972', 1, '2020-12-09 10:38:57', '2020-12-09 10:38:57'),
(969, 1, '21609', 1, '2020-12-09 10:38:59', '2020-12-09 10:38:59'),
(970, 1, '46824', 1, '2020-12-09 10:39:02', '2020-12-09 10:39:02'),
(971, 1, '68826', 1, '2020-12-09 10:39:05', '2020-12-09 10:39:05'),
(972, 1, '91819', 1, '2020-12-09 10:39:14', '2020-12-09 10:39:14'),
(973, 1, '66803', 1, '2020-12-09 10:39:16', '2020-12-09 10:39:16'),
(974, 1, '50430', 1, '2020-12-09 10:39:18', '2020-12-09 10:39:18'),
(975, 1, '71526', 1, '2020-12-09 10:39:54', '2020-12-09 10:39:54'),
(976, 1, '56582', 1, '2020-12-09 10:39:59', '2020-12-09 10:39:59'),
(977, 1, '95346', 1, '2020-12-09 10:40:04', '2020-12-09 10:40:04'),
(978, 1, '85132', 1, '2020-12-09 10:40:10', '2020-12-09 10:40:10'),
(979, 1, '49590', 1, '2020-12-09 10:40:12', '2020-12-09 10:40:12'),
(980, 1, '12628', 1, '2020-12-09 10:40:17', '2020-12-09 10:40:17'),
(981, 1, '36630', 1, '2020-12-09 10:40:23', '2020-12-09 10:40:23'),
(982, 1, '30541', 1, '2020-12-09 10:40:26', '2020-12-09 10:40:26'),
(983, 1, '79267', 1, '2020-12-09 10:40:28', '2020-12-09 10:40:28'),
(984, 1, '28584', 1, '2020-12-09 10:40:44', '2020-12-09 10:40:44'),
(985, 1, '14531', 1, '2020-12-09 10:40:49', '2020-12-09 10:40:49'),
(986, 1, '46030', 1, '2020-12-09 10:40:52', '2020-12-09 10:40:52'),
(987, 1, '42489', 1, '2020-12-09 10:40:55', '2020-12-09 10:40:55'),
(988, 1, '42569', 1, '2020-12-09 10:40:57', '2020-12-09 10:40:57'),
(989, 1, '40175', 1, '2020-12-09 10:41:01', '2020-12-09 10:41:01'),
(990, 1, '16376', 1, '2020-12-09 10:41:06', '2020-12-09 10:41:06'),
(991, 1, '22055', 1, '2020-12-09 10:41:09', '2020-12-09 10:41:09'),
(992, 1, '67303', 1, '2020-12-09 10:41:17', '2020-12-09 10:41:17'),
(993, 1, '54327', 1, '2020-12-09 10:41:20', '2020-12-09 10:41:20'),
(994, 1, '42944', 1, '2020-12-09 10:41:23', '2020-12-09 10:41:23'),
(995, 1, '94291', 1, '2020-12-09 10:41:26', '2020-12-09 10:41:26'),
(996, 1, '82134', 1, '2020-12-09 10:41:50', '2020-12-09 10:41:50'),
(997, 1, '25102', 1, '2020-12-09 10:41:54', '2020-12-09 10:41:54'),
(998, 1, '15584', 1, '2020-12-09 10:41:57', '2020-12-09 10:41:57'),
(999, 1, '81662', 1, '2020-12-09 10:42:04', '2020-12-09 10:42:04'),
(1000, 1, '51058', 1, '2020-12-09 10:42:06', '2020-12-09 10:42:06'),
(1001, 1, '98646', 1, '2020-12-09 10:42:09', '2020-12-09 10:42:09'),
(1002, 1, '84289', 1, '2020-12-09 10:55:44', '2020-12-09 10:55:44'),
(1003, 1, '30506', 1, '2020-12-09 10:55:47', '2020-12-09 10:55:47'),
(1004, 1, '25199', 1, '2020-12-09 10:55:51', '2020-12-09 10:55:51'),
(1005, 1, '66473', 1, '2020-12-10 00:45:53', '2020-12-10 00:45:53'),
(1006, 1, '19581', 1, '2020-12-10 04:56:29', '2020-12-10 04:56:29'),
(1007, 1, '87215', 1, '2020-12-10 04:56:32', '2020-12-10 04:56:32'),
(1008, 1, '47999', 1, '2020-12-10 04:56:37', '2020-12-10 04:56:37'),
(1009, 1, '90876', 1, '2020-12-10 04:56:40', '2020-12-10 04:56:40'),
(1010, 1, '37730', 1, '2020-12-10 04:56:43', '2020-12-10 04:56:43'),
(1011, 1, '56219', 1, '2020-12-10 05:03:02', '2020-12-10 05:03:02'),
(1012, 1, '68129', 1, '2020-12-10 05:03:08', '2020-12-10 05:03:08'),
(1013, 1, '96201', 1, '2020-12-10 05:03:09', '2020-12-10 05:03:09'),
(1014, 1, '85777', 1, '2020-12-10 05:03:10', '2020-12-10 05:03:10'),
(1015, 1, '87681', 1, '2020-12-10 05:03:11', '2020-12-10 05:03:11'),
(1016, 1, '40596', 1, '2020-12-10 05:03:13', '2020-12-10 05:03:13'),
(1017, 1, '70206', 1, '2020-12-10 05:03:14', '2020-12-10 05:03:14'),
(1018, 1, '31217', 1, '2020-12-10 05:03:15', '2020-12-10 05:03:15'),
(1019, 1, '68688', 1, '2020-12-10 05:03:17', '2020-12-10 05:03:17'),
(1020, 1, '29483', 1, '2020-12-10 05:03:18', '2020-12-10 05:03:18'),
(1021, 1, '99503', 1, '2020-12-10 05:03:19', '2020-12-10 05:03:19'),
(1022, 1, '82075', 1, '2020-12-10 05:03:21', '2020-12-10 05:03:21'),
(1023, 1, '58136', 1, '2020-12-10 05:03:22', '2020-12-10 05:03:22'),
(1024, 1, '33150', 1, '2020-12-10 05:03:24', '2020-12-10 05:03:24'),
(1025, 1, '66231', 1, '2020-12-10 05:03:26', '2020-12-10 05:03:26'),
(1026, 1, '40216', 1, '2020-12-10 05:03:28', '2020-12-10 05:03:28'),
(1027, 1, '76629', 1, '2020-12-10 05:03:29', '2020-12-10 05:03:29'),
(1028, 1, '49250', 1, '2020-12-10 05:03:53', '2020-12-10 05:03:53'),
(1029, 1, '44927', 1, '2020-12-10 05:03:54', '2020-12-10 05:03:54'),
(1030, 1, '16092', 1, '2020-12-10 05:03:55', '2020-12-10 05:03:55'),
(1031, 1, '52060', 1, '2020-12-10 05:03:57', '2020-12-10 05:03:57'),
(1032, 1, '18409', 1, '2020-12-10 05:03:59', '2020-12-10 05:03:59'),
(1033, 1, '78489', 1, '2020-12-10 05:04:00', '2020-12-10 05:04:00'),
(1034, 1, '39250', 1, '2020-12-10 05:04:02', '2020-12-10 05:04:02'),
(1035, 1, '97833', 1, '2020-12-10 05:04:03', '2020-12-10 05:04:03'),
(1036, 1, '80057', 1, '2020-12-10 05:04:05', '2020-12-10 05:04:05'),
(1037, 1, '79485', 1, '2020-12-10 05:04:06', '2020-12-10 05:04:06'),
(1038, 1, '14515', 1, '2020-12-10 05:04:09', '2020-12-10 05:04:09'),
(1039, 1, '57846', 1, '2020-12-10 05:04:10', '2020-12-10 05:04:10'),
(1040, 1, '61263', 1, '2020-12-10 05:04:12', '2020-12-10 05:04:12'),
(1041, 1, '21023', 1, '2020-12-10 05:04:13', '2020-12-10 05:04:13'),
(1042, 1, '72252', 1, '2020-12-10 05:04:15', '2020-12-10 05:04:15'),
(1043, 1, '24765', 1, '2020-12-10 05:04:16', '2020-12-10 05:04:16'),
(1044, 1, '11107', 1, '2020-12-10 05:04:18', '2020-12-10 05:04:18'),
(1045, 1, '55080', 1, '2020-12-10 05:04:33', '2020-12-10 05:04:33'),
(1046, 1, '55561', 1, '2020-12-10 05:04:35', '2020-12-10 05:04:35'),
(1047, 1, '20868', 1, '2020-12-10 05:04:37', '2020-12-10 05:04:37'),
(1048, 1, '70897', 1, '2020-12-10 05:04:38', '2020-12-10 05:04:38'),
(1049, 1, '27514', 1, '2020-12-10 05:04:40', '2020-12-10 05:04:40'),
(1050, 1, '74456', 1, '2020-12-10 05:04:43', '2020-12-10 05:04:43'),
(1051, 1, '27538', 1, '2020-12-10 05:04:44', '2020-12-10 05:04:44'),
(1052, 1, '20414', 1, '2020-12-10 05:04:46', '2020-12-10 05:04:46'),
(1053, 1, '83971', 1, '2020-12-10 05:04:49', '2020-12-10 05:04:49'),
(1054, 1, '82964', 1, '2020-12-10 05:04:51', '2020-12-10 05:04:51'),
(1055, 1, '98259', 1, '2020-12-10 05:04:53', '2020-12-10 05:04:53'),
(1056, 1, '66624', 1, '2020-12-10 05:04:55', '2020-12-10 05:04:55'),
(1057, 1, '54441', 1, '2020-12-10 05:04:57', '2020-12-10 05:04:57'),
(1058, 1, '27997', 1, '2020-12-10 05:05:01', '2020-12-10 05:05:01'),
(1059, 1, '49038', 1, '2020-12-10 05:05:02', '2020-12-10 05:05:02'),
(1060, 1, '75190', 1, '2020-12-10 05:05:04', '2020-12-10 05:05:04'),
(1061, 1, '83219', 1, '2020-12-10 05:05:06', '2020-12-10 05:05:06'),
(1062, 1, '35822', 1, '2020-12-10 05:05:08', '2020-12-10 05:05:08'),
(1063, 1, '14154', 1, '2020-12-10 23:22:48', '2020-12-10 23:22:48'),
(1064, 1, '29497', 1, '2020-12-10 23:22:50', '2020-12-10 23:22:50'),
(1065, 1, '36002', 1, '2020-12-10 23:22:53', '2020-12-10 23:22:53'),
(1066, 1, '56950', 1, '2020-12-10 23:22:58', '2020-12-10 23:22:58'),
(1067, 1, '15712', 1, '2020-12-10 23:23:01', '2020-12-10 23:23:01'),
(1068, 1, '67779', 1, '2020-12-10 23:23:05', '2020-12-10 23:23:05'),
(1069, 1, '29891', 1, '2020-12-10 23:23:07', '2020-12-10 23:23:07'),
(1070, 1, '17884', 1, '2020-12-10 23:23:10', '2020-12-10 23:23:10'),
(1071, 1, '74314', 1, '2020-12-10 23:23:11', '2020-12-10 23:23:11'),
(1072, 1, '31064', 1, '2020-12-10 23:23:14', '2020-12-10 23:23:14'),
(1073, 1, '24611', 1, '2020-12-10 23:23:17', '2020-12-10 23:23:17'),
(1074, 1, '21256', 1, '2020-12-10 23:23:18', '2020-12-10 23:23:18'),
(1075, 1, '62368', 1, '2020-12-10 23:23:39', '2020-12-10 23:23:39'),
(1076, 1, '15305', 1, '2020-12-10 23:23:40', '2020-12-10 23:23:40'),
(1077, 1, '85323', 1, '2020-12-10 23:23:42', '2020-12-10 23:23:42'),
(1078, 1, '64662', 1, '2020-12-10 23:23:44', '2020-12-10 23:23:44'),
(1079, 1, '62361', 1, '2020-12-10 23:23:47', '2020-12-10 23:23:47'),
(1080, 1, '48847', 1, '2020-12-10 23:23:52', '2020-12-10 23:23:52'),
(1081, 1, '25870', 1, '2020-12-10 23:23:54', '2020-12-10 23:23:54'),
(1082, 1, '15290', 1, '2020-12-10 23:23:56', '2020-12-10 23:23:56'),
(1083, 1, '18084', 1, '2020-12-10 23:23:58', '2020-12-10 23:23:58'),
(1084, 1, '21699', 1, '2020-12-10 23:24:00', '2020-12-10 23:24:00'),
(1085, 1, '54580', 1, '2020-12-10 23:24:03', '2020-12-10 23:24:03'),
(1086, 1, '85903', 1, '2020-12-10 23:24:07', '2020-12-10 23:24:07'),
(1087, 1, '67900', 1, '2020-12-10 23:24:09', '2020-12-10 23:24:09'),
(1088, 1, '86785', 1, '2020-12-10 23:24:10', '2020-12-10 23:24:10'),
(1089, 1, '90055', 1, '2020-12-10 23:24:12', '2020-12-10 23:24:12'),
(1090, 1, '97870', 1, '2020-12-10 23:24:24', '2020-12-10 23:24:24'),
(1091, 1, '61413', 1, '2020-12-10 23:24:25', '2020-12-10 23:24:25'),
(1092, 1, '88905', 1, '2020-12-10 23:24:26', '2020-12-10 23:24:26'),
(1093, 1, '26212', 1, '2020-12-10 23:24:30', '2020-12-10 23:24:30'),
(1094, 1, '89072', 1, '2020-12-10 23:24:32', '2020-12-10 23:24:32'),
(1095, 1, '13938', 1, '2020-12-10 23:24:35', '2020-12-10 23:24:35'),
(1096, 1, '40673', 1, '2020-12-10 23:24:37', '2020-12-10 23:24:37'),
(1097, 1, '34262', 1, '2020-12-10 23:24:40', '2020-12-10 23:24:40'),
(1098, 1, '68794', 1, '2020-12-10 23:24:41', '2020-12-10 23:24:41'),
(1099, 1, '91506', 1, '2020-12-10 23:24:43', '2020-12-10 23:24:43'),
(1100, 1, '43913', 1, '2020-12-10 23:24:44', '2020-12-10 23:24:44'),
(1101, 1, '76370', 1, '2020-12-11 02:57:14', '2020-12-11 02:57:14'),
(1102, 1, '15296', 1, '2020-12-11 02:57:16', '2020-12-11 02:57:16'),
(1103, 1, '78861', 1, '2020-12-11 02:57:19', '2020-12-11 02:57:19'),
(1104, 1, '22362', 1, '2020-12-11 02:57:21', '2020-12-11 02:57:21'),
(1113, 1, '28777', 1, '2020-12-11 06:45:33', '2020-12-11 06:45:33'),
(1114, 1, '77763', 1, '2020-12-11 06:46:05', '2020-12-11 06:46:05'),
(1115, 1, '84285', 1, '2020-12-11 06:46:15', '2020-12-11 06:46:15'),
(1116, 1, '61910', 1, '2020-12-11 06:46:30', '2020-12-11 06:46:30');

-- --------------------------------------------------------

--
-- Struktur dari tabel `password_resets`
--

CREATE TABLE `password_resets` (
  `email` varchar(255) COLLATE utf8mb4_unicode_ci NOT NULL,
  `token` varchar(255) COLLATE utf8mb4_unicode_ci NOT NULL,
  `created_at` timestamp NULL DEFAULT NULL
) ENGINE=InnoDB DEFAULT CHARSET=utf8mb4 COLLATE=utf8mb4_unicode_ci;

-- --------------------------------------------------------

--
-- Struktur dari tabel `pesertas`
--

CREATE TABLE `pesertas` (
  `id` bigint(20) UNSIGNED NOT NULL,
  `calon_id` bigint(20) UNSIGNED DEFAULT NULL,
  `name` varchar(255) COLLATE utf8mb4_unicode_ci NOT NULL,
  `pascode` varchar(255) COLLATE utf8mb4_unicode_ci DEFAULT NULL,
  `created_at` timestamp NULL DEFAULT NULL,
  `updated_at` timestamp NULL DEFAULT NULL
) ENGINE=InnoDB DEFAULT CHARSET=utf8mb4 COLLATE=utf8mb4_unicode_ci;

-- --------------------------------------------------------

--
-- Struktur dari tabel `users`
--

CREATE TABLE `users` (
  `id` bigint(20) UNSIGNED NOT NULL,
  `name` varchar(255) COLLATE utf8mb4_unicode_ci NOT NULL,
  `username` varchar(255) COLLATE utf8mb4_unicode_ci NOT NULL,
  `password_update` timestamp NULL DEFAULT NULL,
  `password` varchar(255) COLLATE utf8mb4_unicode_ci NOT NULL,
  `role` int(11) NOT NULL DEFAULT 2,
  `created_at` timestamp NULL DEFAULT NULL,
  `updated_at` timestamp NULL DEFAULT NULL
) ENGINE=InnoDB DEFAULT CHARSET=utf8mb4 COLLATE=utf8mb4_unicode_ci;

--
-- Dumping data untuk tabel `users`
--

INSERT INTO `users` (`id`, `name`, `username`, `password_update`, `password`, `role`, `created_at`, `updated_at`) VALUES
(1, 'Admin', 'admin', NULL, '$2y$10$KUoJqiqtsejgQAZ26yauTe8C.UOSWsEAttOJI2O6ptv757WahZ4SW', 2, '2020-12-03 05:35:50', '2020-12-03 05:35:50');

--
-- Indexes for dumped tables
--

--
-- Indeks untuk tabel `calons`
--
ALTER TABLE `calons`
  ADD PRIMARY KEY (`id`),
  ADD UNIQUE KEY `nomor_urut` (`nomor_urut`);

--
-- Indeks untuk tabel `dones`
--
ALTER TABLE `dones`
  ADD PRIMARY KEY (`id`);

--
-- Indeks untuk tabel `hasil_finals`
--
ALTER TABLE `hasil_finals`
  ADD PRIMARY KEY (`id`);

--
-- Indeks untuk tabel `migrations`
--
ALTER TABLE `migrations`
  ADD PRIMARY KEY (`id`);

--
-- Indeks untuk tabel `monitorings`
--
ALTER TABLE `monitorings`
  ADD PRIMARY KEY (`id`);

--
-- Indeks untuk tabel `pascodes`
--
ALTER TABLE `pascodes`
  ADD PRIMARY KEY (`id`),
  ADD UNIQUE KEY `pascodes_pascode_unique` (`pascode`);

--
-- Indeks untuk tabel `password_resets`
--
ALTER TABLE `password_resets`
  ADD KEY `password_resets_email_index` (`email`);

--
-- Indeks untuk tabel `pesertas`
--
ALTER TABLE `pesertas`
  ADD PRIMARY KEY (`id`);

--
-- Indeks untuk tabel `users`
--
ALTER TABLE `users`
  ADD PRIMARY KEY (`id`),
  ADD UNIQUE KEY `users_username_unique` (`username`);

--
-- AUTO_INCREMENT untuk tabel yang dibuang
--

--
-- AUTO_INCREMENT untuk tabel `calons`
--
ALTER TABLE `calons`
  MODIFY `id` bigint(20) UNSIGNED NOT NULL AUTO_INCREMENT, AUTO_INCREMENT=102;

--
-- AUTO_INCREMENT untuk tabel `dones`
--
ALTER TABLE `dones`
  MODIFY `id` bigint(20) UNSIGNED NOT NULL AUTO_INCREMENT, AUTO_INCREMENT=96;

--
-- AUTO_INCREMENT untuk tabel `hasil_finals`
--
ALTER TABLE `hasil_finals`
  MODIFY `id` bigint(20) UNSIGNED NOT NULL AUTO_INCREMENT, AUTO_INCREMENT=96;

--
-- AUTO_INCREMENT untuk tabel `migrations`
--
ALTER TABLE `migrations`
  MODIFY `id` int(10) UNSIGNED NOT NULL AUTO_INCREMENT, AUTO_INCREMENT=9;

--
-- AUTO_INCREMENT untuk tabel `monitorings`
--
ALTER TABLE `monitorings`
  MODIFY `id` bigint(20) UNSIGNED NOT NULL AUTO_INCREMENT, AUTO_INCREMENT=101;

--
-- AUTO_INCREMENT untuk tabel `pascodes`
--
ALTER TABLE `pascodes`
  MODIFY `id` bigint(20) UNSIGNED NOT NULL AUTO_INCREMENT, AUTO_INCREMENT=1117;

--
-- AUTO_INCREMENT untuk tabel `pesertas`
--
ALTER TABLE `pesertas`
  MODIFY `id` bigint(20) UNSIGNED NOT NULL AUTO_INCREMENT;

--
-- AUTO_INCREMENT untuk tabel `users`
--
ALTER TABLE `users`
  MODIFY `id` bigint(20) UNSIGNED NOT NULL AUTO_INCREMENT, AUTO_INCREMENT=2;
COMMIT;

/*!40101 SET CHARACTER_SET_CLIENT=@OLD_CHARACTER_SET_CLIENT */;
/*!40101 SET CHARACTER_SET_RESULTS=@OLD_CHARACTER_SET_RESULTS */;
/*!40101 SET COLLATION_CONNECTION=@OLD_COLLATION_CONNECTION */;
